[debug] [2026-10-07T19:49:10.315Z] ----------------------------------------------------------------------
[debug] [2026-10-07T19:49:10.318Z] Command:       /home/ubuntu/.nvm/versions/node/v22.13.0/bin/node /home/ubuntu/.npm/_npx/ba4f1959e38407b5/node_modules/.bin/firebase emulators:start --only firestore --project demo-es-chat --non-interactive
[debug] [2026-10-07T19:49:10.318Z] CLI Version:   15.32.1
[debug] [2026-10-07T19:49:10.318Z] Platform:      linux
[debug] [2026-10-07T19:49:10.319Z] Node Version:  v22.13.0
[debug] [2026-10-07T19:49:10.319Z] Detected Agent: unknown
[debug] [2026-10-07T19:49:10.319Z] Time:          Wed Oct 07 2026 19:49:10 GMT+0000 (Coordinated Universal Time)
[debug] [2026-10-07T19:49:10.319Z] ----------------------------------------------------------------------
[debug] 
[debug] [2026-10-07T19:49:10.340Z] >>> [apiv2][query] GET https://firebase-public.firebaseio.com/cli.json [none]
[debug] [2026-10-07T19:49:11.354Z] openjdk version "21.0.12.1" 2026-08-18
OpenJDK Runtime Environment (build 21.0.12.1+1-1-24.04.4-Ubuntu)

[debug] [2026-10-07T19:49:11.355Z] OpenJDK 64-Bit Server VM (build 21.0.12.1+1-1-24.04.4-Ubuntu, mixed mode, sharing)

[debug] [2026-10-07T19:49:11.361Z] Parsed Java major version: 21
[info] i  emulators: Starting emulators: firestore {"metadata":{"emulator":{"name":"hub"},"message":"Starting emulators: firestore"}}
[info] i  emulators: Detected demo project ID "demo-es-chat", emulated services will use a demo configuration and attempts to access non-emulated services for this project will fail. {"metadata":{"emulator":{"name":"hub"},"message":"Detected demo project ID \"demo-es-chat\", emulated services will use a demo configuration and attempts to access non-emulated services for this project will fail."}}
[debug] [2026-10-07T19:49:11.366Z] [logging] Logging Emulator only supports listening on one address (127.0.0.1). Not listening on ::1
[debug] [2026-10-07T19:49:11.366Z] [firestore] Firestore Emulator only supports listening on one address (127.0.0.1). Not listening on ::1
[debug] [2026-10-07T19:49:11.367Z] [firestore.websocket] websocket server for firestore only supports listening on one address (127.0.0.1). Not listening on ::1
[debug] [2026-10-07T19:49:11.367Z] assigned listening specs for emulators {"user":{"hub":[{"address":"127.0.0.1","family":"IPv4","port":4400},{"address":"::1","family":"IPv6","port":4400}],"ui":[{"address":"127.0.0.1","family":"IPv4","port":4000},{"address":"::1","family":"IPv6","port":4000}],"logging":[{"address":"127.0.0.1","family":"IPv4","port":4500}],"firestore":[{"address":"127.0.0.1","family":"IPv4","port":8080}],"firestore.websocket":[{"address":"127.0.0.1","family":"IPv4","port":9150}]},"metadata":{"message":"assigned listening specs for emulators"}}
[debug] [2026-10-07T19:49:11.370Z] Write emulator hub locator at /tmp/hub-demo-es-chat.json
[info] i  firestore: downloading cloud-firestore-emulator-v1.22.0.jar... {"metadata":{"emulator":{"name":"firestore"},"message":"downloading cloud-firestore-emulator-v1.22.0.jar..."}}
[debug] [2026-10-07T19:49:11.378Z] >>> [apiv2][query] GET https://storage.googleapis.com/firebase-preview-drop/emulator/cloud-firestore-emulator-v1.22.0.jar 
[debug] [2026-10-07T19:49:11.678Z] <<< [apiv2][status] GET https://storage.googleapis.com/firebase-preview-drop/emulator/cloud-firestore-emulator-v1.22.0.jar 200
[debug] [2026-10-07T19:49:11.678Z] <<< [apiv2][body] GET https://storage.googleapis.com/firebase-preview-drop/emulator/cloud-firestore-emulator-v1.22.0.jar [stream]
[debug] [2026-10-07T19:49:11.838Z] <<< [apiv2][status] GET https://firebase-public.firebaseio.com/cli.json 200
[debug] [2026-10-07T19:49:11.838Z] <<< [apiv2][body] GET https://firebase-public.firebaseio.com/cli.json {"cloudBuildErrorAfter":1594252800000,"cloudBuildWarnAfter":1590019200000,"defaultNode10After":1594252800000,"minVersion":"3.0.5","node8DeploysDisabledAfter":1613390400000,"node8RuntimeDisabledAfter":1615809600000,"node8WarnAfter":1600128000000}
[debug] [2026-10-07T19:49:21.579Z] Ignoring unsupported arg: auto_download {"metadata":{"emulator":{"name":"firestore"},"message":"Ignoring unsupported arg: auto_download"}}
[debug] [2026-10-07T19:49:21.579Z] Ignoring unsupported arg: single_project_mode_error {"metadata":{"emulator":{"name":"firestore"},"message":"Ignoring unsupported arg: single_project_mode_error"}}
[debug] [2026-10-07T19:49:21.580Z] Starting Firestore Emulator with command {"binary":"java","args":["-Dgoogle.cloud_firestore.debug_log_level=FINE","-Duser.language=en","-jar","/home/ubuntu/.cache/firebase/emulators/cloud-firestore-emulator-v1.22.0.jar","--host","127.0.0.1","--port",8080,"--websocket_port",9150,"--database-edition","standard","--project_id","demo-es-chat","--rules","/home/ubuntu/ES_Chat_Pro_v9.1/firestore.rules","--single_project_mode",true],"optionalArgs":["port","webchannel_port","host","rules","websocket_port","database-edition","functions_emulator","seed_from_export","project_id","single_project_mode"],"joinArgs":false,"shell":false,"port":8080} {"metadata":{"emulator":{"name":"firestore"},"message":"Starting Firestore Emulator with command {\"binary\":\"java\",\"args\":[\"-Dgoogle.cloud_firestore.debug_log_level=FINE\",\"-Duser.language=en\",\"-jar\",\"/home/ubuntu/.cache/firebase/emulators/cloud-firestore-emulator-v1.22.0.jar\",\"--host\",\"127.0.0.1\",\"--port\",8080,\"--websocket_port\",9150,\"--database-edition\",\"standard\",\"--project_id\",\"demo-es-chat\",\"--rules\",\"/home/ubuntu/ES_Chat_Pro_v9.1/firestore.rules\",\"--single_project_mode\",true],\"optionalArgs\":[\"port\",\"webchannel_port\",\"host\",\"rules\",\"websocket_port\",\"database-edition\",\"functions_emulator\",\"seed_from_export\",\"project_id\",\"single_project_mode\"],\"joinArgs\":false,\"shell\":false,\"port\":8080}"}}
[info] i  firestore: Firestore Emulator logging to firestore-debug.log {"metadata":{"emulator":{"name":"firestore"},"message":"Firestore Emulator logging to \u001b[1mfirestore-debug.log\u001b[22m"}}
[debug] [2026-10-07T19:49:22.868Z] Oct 07, 2026 7:49:22 PM com.google.cloud.datastore.emulator.firestore.websocket.WebSocketServer start
INFO: Started WebSocket server on ws://127.0.0.1:9150
 {"metadata":{"emulator":{"name":"firestore"},"message":"Oct 07, 2026 7:49:22 PM com.google.cloud.datastore.emulator.firestore.websocket.WebSocketServer start\nINFO: Started WebSocket server on ws://127.0.0.1:9150\n"}}
[debug] [2026-10-07T19:49:22.902Z] 
API endpoint: http://127.0.0.1:8080 {"metadata":{"emulator":{"name":"firestore"},"message":"\nAPI endpoint: http://127.0.0.1:8080"}}
[debug] [2026-10-07T19:49:22.903Z] 
Database Edition: STANDARD
Database Mode: CLOUD_FIRESTORE

If you are using a library that supports the FIRESTORE_EMULATOR_HOST environment variable, run:

   export FIRESTORE_EMULATOR_HOST=127.0.0.1:8080

If you are running a Firestore in Datastore Mode project, run:

   export DATASTORE_EMULATOR_HOST=127.0.0.1:8080

Note: Support for Datastore Mode is in preview. If you encounter any bugs please file at https://github.com/firebase/firebase-tools/issues.
Dev App Server is now running.

 {"metadata":{"emulator":{"name":"firestore"},"message":"\nDatabase Edition: STANDARD\nDatabase Mode: CLOUD_FIRESTORE\n\nIf you are using a library that supports the FIRESTORE_EMULATOR_HOST environment variable, run:\n\n   export FIRESTORE_EMULATOR_HOST=127.0.0.1:8080\n\nIf you are running a Firestore in Datastore Mode project, run:\n\n   export DATASTORE_EMULATOR_HOST=127.0.0.1:8080\n\nNote: Support for Datastore Mode is in preview. If you encounter any bugs please file at https://github.com/firebase/firebase-tools/issues.\nDev App Server is now running.\n\n"}}
[info] ✔  firestore: Firestore Emulator was started in standard edition. {"metadata":{"emulator":{"name":"firestore"},"message":"Firestore Emulator was started in standard edition."}}
[info] ✔  firestore: Firestore Emulator UI websocket is running on 9150. {"metadata":{"emulator":{"name":"firestore"},"message":"Firestore Emulator UI websocket is running on 9150."}}
[info] i  ui: downloading ui-v1.15.0.zip... {"metadata":{"emulator":{"name":"ui"},"message":"downloading ui-v1.15.0.zip..."}}
[debug] [2026-10-07T19:49:22.996Z] >>> [apiv2][query] GET https://storage.googleapis.com/firebase-preview-drop/emulator/ui-v1.15.0.zip 
[debug] [2026-10-07T19:49:23.003Z] <<< [apiv2][status] GET https://storage.googleapis.com/firebase-preview-drop/emulator/ui-v1.15.0.zip 200
[debug] [2026-10-07T19:49:23.003Z] <<< [apiv2][body] GET https://storage.googleapis.com/firebase-preview-drop/emulator/ui-v1.15.0.zip [stream]
[debug] [2026-10-07T19:49:23.042Z] Data is 3538469
[debug] [2026-10-07T19:49:23.042Z] [unzip] Entry: client/ (compressed_size=0 bytes, uncompressed_size=0 bytes)
[debug] [2026-10-07T19:49:23.043Z] [unzip] Processing entry: client/
[debug] [2026-10-07T19:49:23.043Z] [unzip] mkdir: /home/ubuntu/.cache/firebase/emulators/ui-v1.15.0/client/
[debug] [2026-10-07T19:49:23.043Z] [unzip] Entry: client/favicon-16x16.png (compressed_size=293 bytes, uncompressed_size=293 bytes)
[debug] [2026-10-07T19:49:23.043Z] [unzip] Processing entry: client/favicon-16x16.png
[debug] [2026-10-07T19:49:23.043Z] [unzip] else mkdir: /home/ubuntu/.cache/firebase/emulators/ui-v1.15.0/client
[debug] [2026-10-07T19:49:23.044Z] [unzip] Writing file: /home/ubuntu/.cache/firebase/emulators/ui-v1.15.0/client/favicon-16x16.png
[debug] [2026-10-07T19:49:23.044Z] [unzip] Entry: client/safari-pinned-tab.svg (compressed_size=1433 bytes, uncompressed_size=2611 bytes)
[debug] [2026-10-07T19:49:23.044Z] [unzip] Processing entry: client/safari-pinned-tab.svg
[debug] [2026-10-07T19:49:23.044Z] [unzip] else mkdir: /home/ubuntu/.cache/firebase/emulators/ui-v1.15.0/client
[debug] [2026-10-07T19:49:23.044Z] [unzip] deflating: /home/ubuntu/.cache/firebase/emulators/ui-v1.15.0/client/safari-pinned-tab.svg
[debug] [2026-10-07T19:49:23.049Z] [unzip] Entry: client/favicon.ico (compressed_size=2933 bytes, uncompressed_size=13294 bytes)
[debug] [2026-10-07T19:49:23.049Z] [unzip] Processing entry: client/favicon.ico
[debug] [2026-10-07T19:49:23.049Z] [unzip] else mkdir: /home/ubuntu/.cache/firebase/emulators/ui-v1.15.0/client
[debug] [2026-10-07T19:49:23.049Z] [unzip] deflating: /home/ubuntu/.cache/firebase/emulators/ui-v1.15.0/client/favicon.ico
[debug] [2026-10-07T19:49:23.050Z] [unzip] Entry: client/index.html (compressed_size=1364 bytes, uncompressed_size=3071 bytes)
[debug] [2026-10-07T19:49:23.050Z] [unzip] Processing entry: client/index.html
[debug] [2026-10-07T19:49:23.051Z] [unzip] else mkdir: /home/ubuntu/.cache/firebase/emulators/ui-v1.15.0/client
[debug] [2026-10-07T19:49:23.051Z] [unzip] deflating: /home/ubuntu/.cache/firebase/emulators/ui-v1.15.0/client/index.html
[debug] [2026-10-07T19:49:23.052Z] [unzip] Entry: client/android-chrome-192x192.png (compressed_size=2684 bytes, uncompressed_size=2684 bytes)
[debug] [2026-10-07T19:49:23.052Z] [unzip] Processing entry: client/android-chrome-192x192.png
[debug] [2026-10-07T19:49:23.052Z] [unzip] else mkdir: /home/ubuntu/.cache/firebase/emulators/ui-v1.15.0/client
[debug] [2026-10-07T19:49:23.052Z] [unzip] Writing file: /home/ubuntu/.cache/firebase/emulators/ui-v1.15.0/client/android-chrome-192x192.png
[debug] [2026-10-07T19:49:23.052Z] [unzip] Entry: client/apple-touch-icon.png (compressed_size=2123 bytes, uncompressed_size=2152 bytes)
[debug] [2026-10-07T19:49:23.052Z] [unzip] Processing entry: client/apple-touch-icon.png
[debug] [2026-10-07T19:49:23.052Z] [unzip] else mkdir: /home/ubuntu/.cache/firebase/emulators/ui-v1.15.0/client
[debug] [2026-10-07T19:49:23.053Z] [unzip] deflating: /home/ubuntu/.cache/firebase/emulators/ui-v1.15.0/client/apple-touch-icon.png
[debug] [2026-10-07T19:49:23.054Z] [unzip] Entry: client/android-chrome-512x512.png (compressed_size=5369 bytes, uncompressed_size=5411 bytes)
[debug] [2026-10-07T19:49:23.054Z] [unzip] Processing entry: client/android-chrome-512x512.png
[debug] [2026-10-07T19:49:23.054Z] [unzip] else mkdir: /home/ubuntu/.cache/firebase/emulators/ui-v1.15.0/client
[debug] [2026-10-07T19:49:23.054Z] [unzip] deflating: /home/ubuntu/.cache/firebase/emulators/ui-v1.15.0/client/android-chrome-512x512.png
[debug] [2026-10-07T19:49:23.055Z] [unzip] Entry: client/manifest.json (compressed_size=245 bytes, uncompressed_size=551 bytes)
[debug] [2026-10-07T19:49:23.055Z] [unzip] Processing entry: client/manifest.json
[debug] [2026-10-07T19:49:23.055Z] [unzip] else mkdir: /home/ubuntu/.cache/firebase/emulators/ui-v1.15.0/client
[debug] [2026-10-07T19:49:23.055Z] [unzip] deflating: /home/ubuntu/.cache/firebase/emulators/ui-v1.15.0/client/manifest.json
[debug] [2026-10-07T19:49:23.056Z] [unzip] Entry: client/robots.txt (compressed_size=26 bytes, uncompressed_size=26 bytes)
[debug] [2026-10-07T19:49:23.057Z] [unzip] Processing entry: client/robots.txt
[debug] [2026-10-07T19:49:23.057Z] [unzip] else mkdir: /home/ubuntu/.cache/firebase/emulators/ui-v1.15.0/client
[debug] [2026-10-07T19:49:23.057Z] [unzip] Writing file: /home/ubuntu/.cache/firebase/emulators/ui-v1.15.0/client/robots.txt
[debug] [2026-10-07T19:49:23.057Z] [unzip] Entry: client/mstile-150x150.png (compressed_size=2034 bytes, uncompressed_size=2034 bytes)
[debug] [2026-10-07T19:49:23.057Z] [unzip] Processing entry: client/mstile-150x150.png
[debug] [2026-10-07T19:49:23.057Z] [unzip] else mkdir: /home/ubuntu/.cache/firebase/emulators/ui-v1.15.0/client
[debug] [2026-10-07T19:49:23.058Z] [unzip] Writing file: /home/ubuntu/.cache/firebase/emulators/ui-v1.15.0/client/mstile-150x150.png
[debug] [2026-10-07T19:49:23.058Z] [unzip] Entry: client/assets/ (compressed_size=0 bytes, uncompressed_size=0 bytes)
[debug] [2026-10-07T19:49:23.058Z] [unzip] Processing entry: client/assets/
[debug] [2026-10-07T19:49:23.058Z] [unzip] mkdir: /home/ubuntu/.cache/firebase/emulators/ui-v1.15.0/client/assets/
[debug] [2026-10-07T19:49:23.058Z] [unzip] Entry: client/assets/index-BX-A56oj.js (compressed_size=582089 bytes, uncompressed_size=2092775 bytes)
[debug] [2026-10-07T19:49:23.058Z] [unzip] Processing entry: client/assets/index-BX-A56oj.js
[debug] [2026-10-07T19:49:23.058Z] [unzip] else mkdir: /home/ubuntu/.cache/firebase/emulators/ui-v1.15.0/client/assets
[debug] [2026-10-07T19:49:23.059Z] [unzip] deflating: /home/ubuntu/.cache/firebase/emulators/ui-v1.15.0/client/assets/index-BX-A56oj.js
[debug] [2026-10-07T19:49:23.071Z] [unzip] Entry: client/assets/index-CjB9C900.css (compressed_size=35979 bytes, uncompressed_size=298654 bytes)
[debug] [2026-10-07T19:49:23.071Z] [unzip] Processing entry: client/assets/index-CjB9C900.css
[debug] [2026-10-07T19:49:23.071Z] [unzip] else mkdir: /home/ubuntu/.cache/firebase/emulators/ui-v1.15.0/client/assets
[debug] [2026-10-07T19:49:23.071Z] [unzip] deflating: /home/ubuntu/.cache/firebase/emulators/ui-v1.15.0/client/assets/index-CjB9C900.css
[debug] [2026-10-07T19:49:23.073Z] [unzip] Entry: client/assets/index-BX-A56oj.js.map (compressed_size=2362482 bytes, uncompressed_size=10036679 bytes)
[debug] [2026-10-07T19:49:23.073Z] [unzip] Processing entry: client/assets/index-BX-A56oj.js.map
[debug] [2026-10-07T19:49:23.073Z] [unzip] else mkdir: /home/ubuntu/.cache/firebase/emulators/ui-v1.15.0/client/assets
[debug] [2026-10-07T19:49:23.073Z] [unzip] deflating: /home/ubuntu/.cache/firebase/emulators/ui-v1.15.0/client/assets/index-BX-A56oj.js.map
[debug] [2026-10-07T19:49:23.125Z] [unzip] Entry: client/assets/extensions/ (compressed_size=0 bytes, uncompressed_size=0 bytes)
[debug] [2026-10-07T19:49:23.126Z] [unzip] Processing entry: client/assets/extensions/
[debug] [2026-10-07T19:49:23.126Z] [unzip] mkdir: /home/ubuntu/.cache/firebase/emulators/ui-v1.15.0/client/assets/extensions/
[debug] [2026-10-07T19:49:23.126Z] [unzip] Entry: client/assets/extensions/default-extension.png (compressed_size=1646 bytes, uncompressed_size=1657 bytes)
[debug] [2026-10-07T19:49:23.126Z] [unzip] Processing entry: client/assets/extensions/default-extension.png
[debug] [2026-10-07T19:49:23.126Z] [unzip] else mkdir: /home/ubuntu/.cache/firebase/emulators/ui-v1.15.0/client/assets/extensions
[debug] [2026-10-07T19:49:23.126Z] [unzip] deflating: /home/ubuntu/.cache/firebase/emulators/ui-v1.15.0/client/assets/extensions/default-extension.png
[debug] [2026-10-07T19:49:23.127Z] [unzip] Entry: client/assets/img/ (compressed_size=0 bytes, uncompressed_size=0 bytes)
[debug] [2026-10-07T19:49:23.127Z] [unzip] Processing entry: client/assets/img/
[debug] [2026-10-07T19:49:23.127Z] [unzip] mkdir: /home/ubuntu/.cache/firebase/emulators/ui-v1.15.0/client/assets/img/
[debug] [2026-10-07T19:49:23.127Z] [unzip] Entry: client/assets/img/database.png (compressed_size=29449 bytes, uncompressed_size=29988 bytes)
[debug] [2026-10-07T19:49:23.127Z] [unzip] Processing entry: client/assets/img/database.png
[debug] [2026-10-07T19:49:23.127Z] [unzip] else mkdir: /home/ubuntu/.cache/firebase/emulators/ui-v1.15.0/client/assets/img
[debug] [2026-10-07T19:49:23.127Z] [unzip] deflating: /home/ubuntu/.cache/firebase/emulators/ui-v1.15.0/client/assets/img/database.png
[debug] [2026-10-07T19:49:23.128Z] [unzip] Entry: client/assets/provider-icons/ (compressed_size=0 bytes, uncompressed_size=0 bytes)
[debug] [2026-10-07T19:49:23.128Z] [unzip] Processing entry: client/assets/provider-icons/
[debug] [2026-10-07T19:49:23.128Z] [unzip] mkdir: /home/ubuntu/.cache/firebase/emulators/ui-v1.15.0/client/assets/provider-icons/
[debug] [2026-10-07T19:49:23.128Z] [unzip] Entry: client/assets/provider-icons/auth_service_saml.svg (compressed_size=575 bytes, uncompressed_size=1226 bytes)
[debug] [2026-10-07T19:49:23.128Z] [unzip] Processing entry: client/assets/provider-icons/auth_service_saml.svg
[debug] [2026-10-07T19:49:23.128Z] [unzip] else mkdir: /home/ubuntu/.cache/firebase/emulators/ui-v1.15.0/client/assets/provider-icons
[debug] [2026-10-07T19:49:23.128Z] [unzip] deflating: /home/ubuntu/.cache/firebase/emulators/ui-v1.15.0/client/assets/provider-icons/auth_service_saml.svg
[debug] [2026-10-07T19:49:23.128Z] [unzip] Entry: client/assets/provider-icons/auth_service_phone.svg (compressed_size=261 bytes, uncompressed_size=414 bytes)
[debug] [2026-10-07T19:49:23.128Z] [unzip] Processing entry: client/assets/provider-icons/auth_service_phone.svg
[debug] [2026-10-07T19:49:23.128Z] [unzip] else mkdir: /home/ubuntu/.cache/firebase/emulators/ui-v1.15.0/client/assets/provider-icons
[debug] [2026-10-07T19:49:23.129Z] [unzip] deflating: /home/ubuntu/.cache/firebase/emulators/ui-v1.15.0/client/assets/provider-icons/auth_service_phone.svg
[debug] [2026-10-07T19:49:23.129Z] [unzip] Entry: client/assets/provider-icons/auth_service_facebook.svg (compressed_size=289 bytes, uncompressed_size=457 bytes)
[debug] [2026-10-07T19:49:23.129Z] [unzip] Processing entry: client/assets/provider-icons/auth_service_facebook.svg
[debug] [2026-10-07T19:49:23.129Z] [unzip] else mkdir: /home/ubuntu/.cache/firebase/emulators/ui-v1.15.0/client/assets/provider-icons
[debug] [2026-10-07T19:49:23.129Z] [unzip] deflating: /home/ubuntu/.cache/firebase/emulators/ui-v1.15.0/client/assets/provider-icons/auth_service_facebook.svg
[debug] [2026-10-07T19:49:23.130Z] [unzip] Entry: client/assets/provider-icons/auth_service_game_center.svg (compressed_size=991 bytes, uncompressed_size=3921 bytes)
[debug] [2026-10-07T19:49:23.130Z] [unzip] Processing entry: client/assets/provider-icons/auth_service_game_center.svg
[debug] [2026-10-07T19:49:23.130Z] [unzip] else mkdir: /home/ubuntu/.cache/firebase/emulators/ui-v1.15.0/client/assets/provider-icons
[debug] [2026-10-07T19:49:23.130Z] [unzip] deflating: /home/ubuntu/.cache/firebase/emulators/ui-v1.15.0/client/assets/provider-icons/auth_service_game_center.svg
[debug] [2026-10-07T19:49:23.130Z] [unzip] Entry: client/assets/provider-icons/auth_service_apple.svg (compressed_size=230 bytes, uncompressed_size=334 bytes)
[debug] [2026-10-07T19:49:23.130Z] [unzip] Processing entry: client/assets/provider-icons/auth_service_apple.svg
[debug] [2026-10-07T19:49:23.130Z] [unzip] else mkdir: /home/ubuntu/.cache/firebase/emulators/ui-v1.15.0/client/assets/provider-icons
[debug] [2026-10-07T19:49:23.130Z] [unzip] deflating: /home/ubuntu/.cache/firebase/emulators/ui-v1.15.0/client/assets/provider-icons/auth_service_apple.svg
[debug] [2026-10-07T19:49:23.131Z] [unzip] Entry: client/assets/provider-icons/auth_service_github.svg (compressed_size=466 bytes, uncompressed_size=838 bytes)
[debug] [2026-10-07T19:49:23.131Z] [unzip] Processing entry: client/assets/provider-icons/auth_service_github.svg
[debug] [2026-10-07T19:49:23.131Z] [unzip] else mkdir: /home/ubuntu/.cache/firebase/emulators/ui-v1.15.0/client/assets/provider-icons
[debug] [2026-10-07T19:49:23.131Z] [unzip] deflating: /home/ubuntu/.cache/firebase/emulators/ui-v1.15.0/client/assets/provider-icons/auth_service_github.svg
[debug] [2026-10-07T19:49:23.131Z] [unzip] Entry: client/assets/provider-icons/auth_service_mslive.svg (compressed_size=203 bytes, uncompressed_size=378 bytes)
[debug] [2026-10-07T19:49:23.132Z] [unzip] Processing entry: client/assets/provider-icons/auth_service_mslive.svg
[debug] [2026-10-07T19:49:23.132Z] [unzip] else mkdir: /home/ubuntu/.cache/firebase/emulators/ui-v1.15.0/client/assets/provider-icons
[debug] [2026-10-07T19:49:23.132Z] [unzip] deflating: /home/ubuntu/.cache/firebase/emulators/ui-v1.15.0/client/assets/provider-icons/auth_service_mslive.svg
[debug] [2026-10-07T19:49:23.132Z] [unzip] Entry: client/assets/provider-icons/auth_service_yahoo.svg (compressed_size=577 bytes, uncompressed_size=1182 bytes)
[debug] [2026-10-07T19:49:23.132Z] [unzip] Processing entry: client/assets/provider-icons/auth_service_yahoo.svg
[debug] [2026-10-07T19:49:23.132Z] [unzip] else mkdir: /home/ubuntu/.cache/firebase/emulators/ui-v1.15.0/client/assets/provider-icons
[debug] [2026-10-07T19:49:23.132Z] [unzip] deflating: /home/ubuntu/.cache/firebase/emulators/ui-v1.15.0/client/assets/provider-icons/auth_service_yahoo.svg
[debug] [2026-10-07T19:49:23.133Z] [unzip] Entry: client/assets/provider-icons/auth_service_twitter.svg (compressed_size=444 bytes, uncompressed_size=751 bytes)
[debug] [2026-10-07T19:49:23.133Z] [unzip] Processing entry: client/assets/provider-icons/auth_service_twitter.svg
[debug] [2026-10-07T19:49:23.133Z] [unzip] else mkdir: /home/ubuntu/.cache/firebase/emulators/ui-v1.15.0/client/assets/provider-icons
[debug] [2026-10-07T19:49:23.133Z] [unzip] deflating: /home/ubuntu/.cache/firebase/emulators/ui-v1.15.0/client/assets/provider-icons/auth_service_twitter.svg
[debug] [2026-10-07T19:49:23.133Z] [unzip] Entry: client/assets/provider-icons/auth_service_play_games.svg (compressed_size=565 bytes, uncompressed_size=1173 bytes)
[debug] [2026-10-07T19:49:23.133Z] [unzip] Processing entry: client/assets/provider-icons/auth_service_play_games.svg
[debug] [2026-10-07T19:49:23.133Z] [unzip] else mkdir: /home/ubuntu/.cache/firebase/emulators/ui-v1.15.0/client/assets/provider-icons
[debug] [2026-10-07T19:49:23.133Z] [unzip] deflating: /home/ubuntu/.cache/firebase/emulators/ui-v1.15.0/client/assets/provider-icons/auth_service_play_games.svg
[debug] [2026-10-07T19:49:23.134Z] [unzip] Entry: client/assets/provider-icons/auth_service_email.svg (compressed_size=228 bytes, uncompressed_size=326 bytes)
[debug] [2026-10-07T19:49:23.134Z] [unzip] Processing entry: client/assets/provider-icons/auth_service_email.svg
[debug] [2026-10-07T19:49:23.134Z] [unzip] else mkdir: /home/ubuntu/.cache/firebase/emulators/ui-v1.15.0/client/assets/provider-icons
[debug] [2026-10-07T19:49:23.134Z] [unzip] deflating: /home/ubuntu/.cache/firebase/emulators/ui-v1.15.0/client/assets/provider-icons/auth_service_email.svg
[debug] [2026-10-07T19:49:23.134Z] [unzip] Entry: client/assets/provider-icons/auth_service_google.svg (compressed_size=409 bytes, uncompressed_size=720 bytes)
[debug] [2026-10-07T19:49:23.134Z] [unzip] Processing entry: client/assets/provider-icons/auth_service_google.svg
[debug] [2026-10-07T19:49:23.134Z] [unzip] else mkdir: /home/ubuntu/.cache/firebase/emulators/ui-v1.15.0/client/assets/provider-icons
[debug] [2026-10-07T19:49:23.135Z] [unzip] deflating: /home/ubuntu/.cache/firebase/emulators/ui-v1.15.0/client/assets/provider-icons/auth_service_google.svg
[debug] [2026-10-07T19:49:23.135Z] [unzip] Entry: client/assets/provider-icons/auth_service_oidc.svg (compressed_size=414 bytes, uncompressed_size=858 bytes)
[debug] [2026-10-07T19:49:23.135Z] [unzip] Processing entry: client/assets/provider-icons/auth_service_oidc.svg
[debug] [2026-10-07T19:49:23.135Z] [unzip] else mkdir: /home/ubuntu/.cache/firebase/emulators/ui-v1.15.0/client/assets/provider-icons
[debug] [2026-10-07T19:49:23.135Z] [unzip] deflating: /home/ubuntu/.cache/firebase/emulators/ui-v1.15.0/client/assets/provider-icons/auth_service_oidc.svg
[debug] [2026-10-07T19:49:23.136Z] [unzip] Entry: client/browserconfig.xml (compressed_size=491 bytes, uncompressed_size=822 bytes)
[debug] [2026-10-07T19:49:23.136Z] [unzip] Processing entry: client/browserconfig.xml
[debug] [2026-10-07T19:49:23.136Z] [unzip] else mkdir: /home/ubuntu/.cache/firebase/emulators/ui-v1.15.0/client
[debug] [2026-10-07T19:49:23.136Z] [unzip] deflating: /home/ubuntu/.cache/firebase/emulators/ui-v1.15.0/client/browserconfig.xml
[debug] [2026-10-07T19:49:23.136Z] [unzip] Entry: client/favicon-32x32.png (compressed_size=475 bytes, uncompressed_size=475 bytes)
[debug] [2026-10-07T19:49:23.136Z] [unzip] Processing entry: client/favicon-32x32.png
[debug] [2026-10-07T19:49:23.136Z] [unzip] else mkdir: /home/ubuntu/.cache/firebase/emulators/ui-v1.15.0/client
[debug] [2026-10-07T19:49:23.136Z] [unzip] Writing file: /home/ubuntu/.cache/firebase/emulators/ui-v1.15.0/client/favicon-32x32.png
[debug] [2026-10-07T19:49:23.137Z] [unzip] Entry: server/ (compressed_size=0 bytes, uncompressed_size=0 bytes)
[debug] [2026-10-07T19:49:23.137Z] [unzip] Processing entry: server/
[debug] [2026-10-07T19:49:23.137Z] [unzip] mkdir: /home/ubuntu/.cache/firebase/emulators/ui-v1.15.0/server/
[debug] [2026-10-07T19:49:23.137Z] [unzip] Entry: server/server.mjs.map (compressed_size=217845 bytes, uncompressed_size=944978 bytes)
[debug] [2026-10-07T19:49:23.137Z] [unzip] Processing entry: server/server.mjs.map
[debug] [2026-10-07T19:49:23.137Z] [unzip] else mkdir: /home/ubuntu/.cache/firebase/emulators/ui-v1.15.0/server
[debug] [2026-10-07T19:49:23.137Z] [unzip] deflating: /home/ubuntu/.cache/firebase/emulators/ui-v1.15.0/server/server.mjs.map
[debug] [2026-10-07T19:49:23.141Z] [unzip] Entry: server/server.mjs (compressed_size=276407 bytes, uncompressed_size=933701 bytes)
[debug] [2026-10-07T19:49:23.141Z] [unzip] Processing entry: server/server.mjs
[debug] [2026-10-07T19:49:23.141Z] [unzip] else mkdir: /home/ubuntu/.cache/firebase/emulators/ui-v1.15.0/server
[debug] [2026-10-07T19:49:23.141Z] [unzip] deflating: /home/ubuntu/.cache/firebase/emulators/ui-v1.15.0/server/server.mjs
[debug] [2026-10-07T19:49:23.151Z] Could not find VSCode notification endpoint: TypeError: fetch failed. If you are not running the Firebase SQL Connect VSCode extension, this is expected and not an issue.
[info] 
┌─────────────────────────────────────────────────────────────┐
│ ✔  All emulators ready! It is now safe to connect your app. │
│ i  View Emulator UI at http://127.0.0.1:4000/               │
└─────────────────────────────────────────────────────────────┘

┌───────────┬────────────────┬─────────────────────────────────┐
│ Emulator  │ Host:Port      │ View in Emulator UI             │
├───────────┼────────────────┼─────────────────────────────────┤
│ Firestore │ 127.0.0.1:8080 │ http://127.0.0.1:4000/firestore │
└───────────┴────────────────┴─────────────────────────────────┘
  Emulator Hub host: 127.0.0.1 port: 4400
  Other reserved ports: 4500, 9150

Issues? Report them at https://github.com/firebase/firebase-tools/issues and attach the *-debug.log files.
 
[debug] [2026-10-07T19:59:41.501Z] Oct 07, 2026 7:59:41 PM io.gapi.emulators.netty.HttpVersionRoutingHandler channelRead
INFO: Detected non-HTTP/2 connection.
 {"metadata":{"emulator":{"name":"firestore"},"message":"Oct 07, 2026 7:59:41 PM io.gapi.emulators.netty.HttpVersionRoutingHandler channelRead\nINFO: Detected non-HTTP/2 connection.\n"}}
[debug] [2026-10-07T19:59:41.747Z] Oct 07, 2026 7:59:41 PM io.gapi.emulators.netty.HttpVersionRoutingHandler channelRead
INFO: Detected HTTP/2 connection.
 {"metadata":{"emulator":{"name":"firestore"},"message":"Oct 07, 2026 7:59:41 PM io.gapi.emulators.netty.HttpVersionRoutingHandler channelRead\nINFO: Detected HTTP/2 connection.\n"}}
[debug] [2026-10-07T19:59:52.124Z] Oct 07, 2026 7:59:52 PM io.gapi.emulators.netty.HttpVersionRoutingHandler channelRead
INFO: Detected non-HTTP/2 connection.
 {"metadata":{"emulator":{"name":"firestore"},"message":"Oct 07, 2026 7:59:52 PM io.gapi.emulators.netty.HttpVersionRoutingHandler channelRead\nINFO: Detected non-HTTP/2 connection.\n"}}
[debug] [2026-10-07T20:00:09.727Z] Oct 07, 2026 8:00:09 PM io.gapi.emulators.netty.HttpVersionRoutingHandler channelRead
INFO: Detected non-HTTP/2 connection.
 {"metadata":{"emulator":{"name":"firestore"},"message":"Oct 07, 2026 8:00:09 PM io.gapi.emulators.netty.HttpVersionRoutingHandler channelRead\nINFO: Detected non-HTTP/2 connection.\n"}}
[debug] [2026-10-07T20:00:36.081Z] Oct 07, 2026 8:00:36 PM io.gapi.emulators.netty.HttpVersionRoutingHandler channelRead
INFO: Detected non-HTTP/2 connection.
 {"metadata":{"emulator":{"name":"firestore"},"message":"Oct 07, 2026 8:00:36 PM io.gapi.emulators.netty.HttpVersionRoutingHandler channelRead\nINFO: Detected non-HTTP/2 connection.\n"}}
[debug] [2026-10-07T20:00:36.433Z] Oct 07, 2026 8:00:36 PM io.gapi.emulators.netty.HttpVersionRoutingHandler channelRead
INFO: Detected HTTP/2 connection.
 {"metadata":{"emulator":{"name":"firestore"},"message":"Oct 07, 2026 8:00:36 PM io.gapi.emulators.netty.HttpVersionRoutingHandler channelRead\nINFO: Detected HTTP/2 connection.\n"}}
[debug] [2026-10-07T20:00:36.737Z] Oct 07, 2026 8:00:36 PM io.gapi.emulators.netty.HttpVersionRoutingHandler channelRead
INFO: Detected HTTP/2 connection.
 {"metadata":{"emulator":{"name":"firestore"},"message":"Oct 07, 2026 8:00:36 PM io.gapi.emulators.netty.HttpVersionRoutingHandler channelRead\nINFO: Detected HTTP/2 connection.\n"}}
[debug] [2026-10-07T20:00:37.154Z] Oct 07, 2026 8:00:37 PM com.google.cloud.datastore.emulator.impl.util.WrappedStreamObserver onError
WARNING: Operation failed: 
false for 'create' @ L111, evaluation error at L133:24 for 'update' @ L133, false for 'create' @ L111
com.google.cloud.datastore.core.exception.DatastoreException: 
false for 'create' @ L111, evaluation error at L133:24 for 'update' @ L133, false for 'create' @ L111
	at com.google.cloud.datastore.core.exception.DatastoreException$Builder.build(DatastoreException.java:152)
	at com.google.cloud.datastore.emulator.impl.rules.DefaultEmulatorRulesAuthorizer.verboseError(DefaultEmulatorRulesAuthorizer.java:349)
	at com.google.cloud.datastore.emulator.impl.rules.DefaultEmulatorRulesAuthorizer.withVerboseErrors(DefaultEmulatorRulesAuthorizer.java:326)
	at com.google.cloud.datastore.emulator.impl.rules.DefaultEmulatorRulesAuthorizer.checkCommit(DefaultEmulatorRulesAuthorizer.java:113)
	at com.google.cloud.datastore.emulator.impl.firestore.FirestoreEmulatorHelper.commitHelper(FirestoreEmulatorHelper.java:407)
	at com.google.cloud.datastore.emulator.impl.firestore.FirestoreEmulatorHelper.internalCommit(FirestoreEmulatorHelper.java:348)
	at com.google.cloud.datastore.emulator.impl.firestore.CloudFirestoreV1.internalCommit(CloudFirestoreV1.java:1336)
	at com.google.cloud.datastore.emulator.impl.firestore.CloudFirestoreV1.write(CloudFirestoreV1.java:1321)
	at com.google.cloud.datastore.emulator.impl.firestore.CloudFirestoreV1WriteStream.handleRequest(CloudFirestoreV1WriteStream.java:222)
	at com.google.cloud.datastore.emulator.impl.firestore.CloudFirestoreV1WriteStream.write(CloudFirestoreV1WriteStream.java:144)
	at com.google.cloud.datastore.emulator.impl.firestore.CloudFirestoreV1WriteStream.onNext(CloudFirestoreV1WriteStream.java:99)
	at com.google.cloud.datastore.emulator.impl.firestore.CloudFirestoreV1WriteStream.onNext(CloudFirestoreV1WriteStream.java:27)
	at io.grpc.stub.ServerCalls$StreamingServerCallHandler$StreamingServerCallListener.onMessage(ServerCalls.java:262)
	at io.grpc.ForwardingServerCallListener.onMessage(ForwardingServerCallListener.java:33)
	at io.grpc.Contexts$ContextualizedServerCallListener.onMessage(Contexts.java:76)
	at io.grpc.ForwardingServerCallListener.onMessage(ForwardingServerCallListener.java:33)
	at io.grpc.Contexts$ContextualizedServerCallListener.onMessage(Contexts.java:76)
	at io.grpc.internal.ServerCallImpl$ServerStreamListenerImpl.messagesAvailableInternal(ServerCallImpl.java:334)
	at io.grpc.internal.ServerCallImpl$ServerStreamListenerImpl.messagesAvailable(ServerCallImpl.java:319)
	at io.grpc.internal.ServerImpl$JumpToApplicationThreadServerStreamListener$1MessagesAvailable.runInContext(ServerImpl.java:852)
	at io.grpc.internal.ContextRunnable.run(ContextRunnable.java:37)
	at io.grpc.internal.SerializingExecutor.run(SerializingExecutor.java:133)
	at java.base/java.util.concurrent.ThreadPoolExecutor.runWorker(ThreadPoolExecutor.java:1144)
	at java.base/java.util.concurrent.ThreadPoolExecutor$Worker.run(ThreadPoolExecutor.java:642)
	at java.base/java.lang.Thread.run(Thread.java:1583)

 {"metadata":{"emulator":{"name":"firestore"},"message":"Oct 07, 2026 8:00:37 PM com.google.cloud.datastore.emulator.impl.util.WrappedStreamObserver onError\nWARNING: Operation failed: \nfalse for 'create' @ L111, evaluation error at L133:24 for 'update' @ L133, false for 'create' @ L111\ncom.google.cloud.datastore.core.exception.DatastoreException: \nfalse for 'create' @ L111, evaluation error at L133:24 for 'update' @ L133, false for 'create' @ L111\n\tat com.google.cloud.datastore.core.exception.DatastoreException$Builder.build(DatastoreException.java:152)\n\tat com.google.cloud.datastore.emulator.impl.rules.DefaultEmulatorRulesAuthorizer.verboseError(DefaultEmulatorRulesAuthorizer.java:349)\n\tat com.google.cloud.datastore.emulator.impl.rules.DefaultEmulatorRulesAuthorizer.withVerboseErrors(DefaultEmulatorRulesAuthorizer.java:326)\n\tat com.google.cloud.datastore.emulator.impl.rules.DefaultEmulatorRulesAuthorizer.checkCommit(DefaultEmulatorRulesAuthorizer.java:113)\n\tat com.google.cloud.datastore.emulator.impl.firestore.FirestoreEmulatorHelper.commitHelper(FirestoreEmulatorHelper.java:407)\n\tat com.google.cloud.datastore.emulator.impl.firestore.FirestoreEmulatorHelper.internalCommit(FirestoreEmulatorHelper.java:348)\n\tat com.google.cloud.datastore.emulator.impl.firestore.CloudFirestoreV1.internalCommit(CloudFirestoreV1.java:1336)\n\tat com.google.cloud.datastore.emulator.impl.firestore.CloudFirestoreV1.write(CloudFirestoreV1.java:1321)\n\tat com.google.cloud.datastore.emulator.impl.firestore.CloudFirestoreV1WriteStream.handleRequest(CloudFirestoreV1WriteStream.java:222)\n\tat com.google.cloud.datastore.emulator.impl.firestore.CloudFirestoreV1WriteStream.write(CloudFirestoreV1WriteStream.java:144)\n\tat com.google.cloud.datastore.emulator.impl.firestore.CloudFirestoreV1WriteStream.onNext(CloudFirestoreV1WriteStream.java:99)\n\tat com.google.cloud.datastore.emulator.impl.firestore.CloudFirestoreV1WriteStream.onNext(CloudFirestoreV1WriteStream.java:27)\n\tat io.grpc.stub.ServerCalls$StreamingServerCallHandler$StreamingServerCallListener.onMessage(ServerCalls.java:262)\n\tat io.grpc.ForwardingServerCallListener.onMessage(ForwardingServerCallListener.java:33)\n\tat io.grpc.Contexts$ContextualizedServerCallListener.onMessage(Contexts.java:76)\n\tat io.grpc.ForwardingServerCallListener.onMessage(ForwardingServerCallListener.java:33)\n\tat io.grpc.Contexts$ContextualizedServerCallListener.onMessage(Contexts.java:76)\n\tat io.grpc.internal.ServerCallImpl$ServerStreamListenerImpl.messagesAvailableInternal(ServerCallImpl.java:334)\n\tat io.grpc.internal.ServerCallImpl$ServerStreamListenerImpl.messagesAvailable(ServerCallImpl.java:319)\n\tat io.grpc.internal.ServerImpl$JumpToApplicationThreadServerStreamListener$1MessagesAvailable.runInContext(ServerImpl.java:852)\n\tat io.grpc.internal.ContextRunnable.run(ContextRunnable.java:37)\n\tat io.grpc.internal.SerializingExecutor.run(SerializingExecutor.java:133)\n\tat java.base/java.util.concurrent.ThreadPoolExecutor.runWorker(ThreadPoolExecutor.java:1144)\n\tat java.base/java.util.concurrent.ThreadPoolExecutor$Worker.run(ThreadPoolExecutor.java:642)\n\tat java.base/java.lang.Thread.run(Thread.java:1583)\n\n"}}
[debug] [2026-10-07T20:00:37.240Z] Oct 07, 2026 8:00:37 PM com.google.cloud.datastore.emulator.impl.util.WrappedStreamObserver onError
WARNING: Operation failed: 
evaluation error at L133:24 for 'update' @ L133, false for 'update' @ L133
com.google.cloud.datastore.core.exception.DatastoreException: 
evaluation error at L133:24 for 'update' @ L133, false for 'update' @ L133
	at com.google.cloud.datastore.core.exception.DatastoreException$Builder.build(DatastoreException.java:152)
	at com.google.cloud.datastore.emulator.impl.rules.DefaultEmulatorRulesAuthorizer.verboseError(DefaultEmulatorRulesAuthorizer.java:349)
	at com.google.cloud.datastore.emulator.impl.rules.DefaultEmulatorRulesAuthorizer.withVerboseErrors(DefaultEmulatorRulesAuthorizer.java:326)
	at com.google.cloud.datastore.emulator.impl.rules.DefaultEmulatorRulesAuthorizer.checkCommit(DefaultEmulatorRulesAuthorizer.java:113)
	at com.google.cloud.datastore.emulator.impl.firestore.FirestoreEmulatorHelper.commitHelper(FirestoreEmulatorHelper.java:407)
	at com.google.cloud.datastore.emulator.impl.firestore.FirestoreEmulatorHelper.internalCommit(FirestoreEmulatorHelper.java:348)
	at com.google.cloud.datastore.emulator.impl.firestore.CloudFirestoreV1.internalCommit(CloudFirestoreV1.java:1336)
	at com.google.cloud.datastore.emulator.impl.firestore.CloudFirestoreV1.write(CloudFirestoreV1.java:1321)
	at com.google.cloud.datastore.emulator.impl.firestore.CloudFirestoreV1WriteStream.handleRequest(CloudFirestoreV1WriteStream.java:222)
	at com.google.cloud.datastore.emulator.impl.firestore.CloudFirestoreV1WriteStream.write(CloudFirestoreV1WriteStream.java:144)
	at com.google.cloud.datastore.emulator.impl.firestore.CloudFirestoreV1WriteStream.onNext(CloudFirestoreV1WriteStream.java:99)
	at com.google.cloud.datastore.emulator.impl.firestore.CloudFirestoreV1WriteStream.onNext(CloudFirestoreV1WriteStream.java:27)
	at io.grpc.stub.ServerCalls$StreamingServerCallHandler$StreamingServerCallListener.onMessage(ServerCalls.java:262)
	at io.grpc.ForwardingServerCallListener.onMessage(ForwardingServerCallListener.java:33)
	at io.grpc.Contexts$ContextualizedServerCallListener.onMessage(Contexts.java:76)
	at io.grpc.ForwardingServerCallListener.onMessage(ForwardingServerCallListener.java:33)
	at io.grpc.Contexts$ContextualizedServerCallListener.onMessage(Contexts.java:76)
	at io.grpc.internal.ServerCallImpl$ServerStreamListenerImpl.messagesAvailableInternal(ServerCallImpl.java:334)
	at io.grpc.internal.ServerCallImpl$ServerStreamListenerImpl.messagesAvailable(ServerCallImpl.java:319)
	at io.grpc.internal.ServerImpl$JumpToApplicationThreadServerStreamListener$1MessagesAvailable.runInContext(ServerImpl.java:852)
	at io.grpc.internal.ContextRunnable.run(ContextRunnable.java:37)
	at io.grpc.internal.SerializingExecutor.run(SerializingExecutor.java:133)
	at java.base/java.util.concurrent.ThreadPoolExecutor.runWorker(ThreadPoolExecutor.java:1144)
	at java.base/java.util.concurrent.ThreadPoolExecutor$Worker.run(ThreadPoolExecutor.java:642)
	at java.base/java.lang.Thread.run(Thread.java:1583)

 {"metadata":{"emulator":{"name":"firestore"},"message":"Oct 07, 2026 8:00:37 PM com.google.cloud.datastore.emulator.impl.util.WrappedStreamObserver onError\nWARNING: Operation failed: \nevaluation error at L133:24 for 'update' @ L133, false for 'update' @ L133\ncom.google.cloud.datastore.core.exception.DatastoreException: \nevaluation error at L133:24 for 'update' @ L133, false for 'update' @ L133\n\tat com.google.cloud.datastore.core.exception.DatastoreException$Builder.build(DatastoreException.java:152)\n\tat com.google.cloud.datastore.emulator.impl.rules.DefaultEmulatorRulesAuthorizer.verboseError(DefaultEmulatorRulesAuthorizer.java:349)\n\tat com.google.cloud.datastore.emulator.impl.rules.DefaultEmulatorRulesAuthorizer.withVerboseErrors(DefaultEmulatorRulesAuthorizer.java:326)\n\tat com.google.cloud.datastore.emulator.impl.rules.DefaultEmulatorRulesAuthorizer.checkCommit(DefaultEmulatorRulesAuthorizer.java:113)\n\tat com.google.cloud.datastore.emulator.impl.firestore.FirestoreEmulatorHelper.commitHelper(FirestoreEmulatorHelper.java:407)\n\tat com.google.cloud.datastore.emulator.impl.firestore.FirestoreEmulatorHelper.internalCommit(FirestoreEmulatorHelper.java:348)\n\tat com.google.cloud.datastore.emulator.impl.firestore.CloudFirestoreV1.internalCommit(CloudFirestoreV1.java:1336)\n\tat com.google.cloud.datastore.emulator.impl.firestore.CloudFirestoreV1.write(CloudFirestoreV1.java:1321)\n\tat com.google.cloud.datastore.emulator.impl.firestore.CloudFirestoreV1WriteStream.handleRequest(CloudFirestoreV1WriteStream.java:222)\n\tat com.google.cloud.datastore.emulator.impl.firestore.CloudFirestoreV1WriteStream.write(CloudFirestoreV1WriteStream.java:144)\n\tat com.google.cloud.datastore.emulator.impl.firestore.CloudFirestoreV1WriteStream.onNext(CloudFirestoreV1WriteStream.java:99)\n\tat com.google.cloud.datastore.emulator.impl.firestore.CloudFirestoreV1WriteStream.onNext(CloudFirestoreV1WriteStream.java:27)\n\tat io.grpc.stub.ServerCalls$StreamingServerCallHandler$StreamingServerCallListener.onMessage(ServerCalls.java:262)\n\tat io.grpc.ForwardingServerCallListener.onMessage(ForwardingServerCallListener.java:33)\n\tat io.grpc.Contexts$ContextualizedServerCallListener.onMessage(Contexts.java:76)\n\tat io.grpc.ForwardingServerCallListener.onMessage(ForwardingServerCallListener.java:33)\n\tat io.grpc.Contexts$ContextualizedServerCallListener.onMessage(Contexts.java:76)\n\tat io.grpc.internal.ServerCallImpl$ServerStreamListenerImpl.messagesAvailableInternal(ServerCallImpl.java:334)\n\tat io.grpc.internal.ServerCallImpl$ServerStreamListenerImpl.messagesAvailable(ServerCallImpl.java:319)\n\tat io.grpc.internal.ServerImpl$JumpToApplicationThreadServerStreamListener$1MessagesAvailable.runInContext(ServerImpl.java:852)\n\tat io.grpc.internal.ContextRunnable.run(ContextRunnable.java:37)\n\tat io.grpc.internal.SerializingExecutor.run(SerializingExecutor.java:133)\n\tat java.base/java.util.concurrent.ThreadPoolExecutor.runWorker(ThreadPoolExecutor.java:1144)\n\tat java.base/java.util.concurrent.ThreadPoolExecutor$Worker.run(ThreadPoolExecutor.java:642)\n\tat java.base/java.lang.Thread.run(Thread.java:1583)\n\n"}}
[debug] [2026-10-07T20:00:37.267Z] Oct 07, 2026 8:00:37 PM com.google.cloud.datastore.emulator.impl.util.WrappedStreamObserver onError
WARNING: Operation failed: 
evaluation error at L256:24 for 'create' @ L256, evaluation error at L261:24 for 'update' @ L261, Null value error. for 'create' @ L256
com.google.cloud.datastore.core.exception.DatastoreException: 
evaluation error at L256:24 for 'create' @ L256, evaluation error at L261:24 for 'update' @ L261, Null value error. for 'create' @ L256
	at com.google.cloud.datastore.core.exception.DatastoreException$Builder.build(DatastoreException.java:152)
	at com.google.cloud.datastore.emulator.impl.rules.DefaultEmulatorRulesAuthorizer.verboseError(DefaultEmulatorRulesAuthorizer.java:349)
	at com.google.cloud.datastore.emulator.impl.rules.DefaultEmulatorRulesAuthorizer.withVerboseErrors(DefaultEmulatorRulesAuthorizer.java:326)
	at com.google.cloud.datastore.emulator.impl.rules.DefaultEmulatorRulesAuthorizer.checkCommit(DefaultEmulatorRulesAuthorizer.java:113)
	at com.google.cloud.datastore.emulator.impl.firestore.FirestoreEmulatorHelper.commitHelper(FirestoreEmulatorHelper.java:407)
	at com.google.cloud.datastore.emulator.impl.firestore.FirestoreEmulatorHelper.internalCommit(FirestoreEmulatorHelper.java:348)
	at com.google.cloud.datastore.emulator.impl.firestore.CloudFirestoreV1.internalCommit(CloudFirestoreV1.java:1336)
	at com.google.cloud.datastore.emulator.impl.firestore.CloudFirestoreV1.write(CloudFirestoreV1.java:1321)
	at com.google.cloud.datastore.emulator.impl.firestore.CloudFirestoreV1WriteStream.handleRequest(CloudFirestoreV1WriteStream.java:222)
	at com.google.cloud.datastore.emulator.impl.firestore.CloudFirestoreV1WriteStream.write(CloudFirestoreV1WriteStream.java:144)
	at com.google.cloud.datastore.emulator.impl.firestore.CloudFirestoreV1WriteStream.onNext(CloudFirestoreV1WriteStream.java:99)
	at com.google.cloud.datastore.emulator.impl.firestore.CloudFirestoreV1WriteStream.onNext(CloudFirestoreV1WriteStream.java:27)
	at io.grpc.stub.ServerCalls$StreamingServerCallHandler$StreamingServerCallListener.onMessage(ServerCalls.java:262)
	at io.grpc.ForwardingServerCallListener.onMessage(ForwardingServerCallListener.java:33)
	at io.grpc.Contexts$ContextualizedServerCallListener.onMessage(Contexts.java:76)
	at io.grpc.ForwardingServerCallListener.onMessage(ForwardingServerCallListener.java:33)
	at io.grpc.Contexts$ContextualizedServerCallListener.onMessage(Contexts.java:76)
	at io.grpc.internal.ServerCallImpl$ServerStreamListenerImpl.messagesAvailableInternal(ServerCallImpl.java:334)
	at io.grpc.internal.ServerCallImpl$ServerStreamListenerImpl.messagesAvailable(ServerCallImpl.java:319)
	at io.grpc.internal.ServerImpl$JumpToApplicationThreadServerStreamListener$1MessagesAvailable.runInContext(ServerImpl.java:852)
	at io.grpc.internal.ContextRunnable.run(ContextRunnable.java:37)
	at io.grpc.internal.SerializingExecutor.run(SerializingExecutor.java:133)
	at java.base/java.util.concurrent.ThreadPoolExecutor.runWorker(ThreadPoolExecutor.java:1144)
	at java.base/java.util.concurrent.ThreadPoolExecutor$Worker.run(ThreadPoolExecutor.java:642)
	at java.base/java.lang.Thread.run(Thread.java:1583)
Caused by: com.google.firebase.rules.runtime.common.EvaluationException: Error:  line [260], column [12]. Null value error.
	at com.google.firebase.rules.runtime.impl.DefaultEvaluator$TransformEvaluationException.apply(DefaultEvaluator.java:275)
	at com.google.firebase.rules.runtime.impl.DefaultEvaluator$TransformEvaluationException.apply(DefaultEvaluator.java:261)
	at com.google.common.util.concurrent.AbstractCatchingFuture$AsyncCatchingFuture.doFallback(AbstractCatchingFuture.java:207)
	at com.google.common.util.concurrent.AbstractCatchingFuture$AsyncCatchingFuture.doFallback(AbstractCatchingFuture.java:194)
	at com.google.common.util.concurrent.AbstractCatchingFuture.run(AbstractCatchingFuture.java:136)
	at com.google.common.util.concurrent.DirectExecutor.execute(DirectExecutor.java:30)
	at com.google.common.util.concurrent.AbstractFuture.executeListener(AbstractFuture.java:1045)
	at com.google.common.util.concurrent.AbstractFuture.addListener(AbstractFuture.java:492)
	at com.google.common.util.concurrent.FluentFuture$TrustedFuture.addListener(FluentFuture.java:122)
	at com.google.common.util.concurrent.AbstractCatchingFuture.createAsync(AbstractCatchingFuture.java:58)
	at com.google.common.util.concurrent.Futures.catchingAsync(Futures.java:411)
	at com.google.firebase.rules.runtime.impl.DefaultEvaluator.evaluate(DefaultEvaluator.java:177)
	at com.google.cloud.datastore.emulator.impl.rules.EmulatorRuleClient$EmulatorRuleEvaluator.evaluate(EmulatorRuleClient.java:88)
	at com.google.cloud.datastore.core.auth.rules.AsyncTwoPhaseRulesAuthorizer.lambda$fullEvaluate$0(AsyncTwoPhaseRulesAuthorizer.java:993)
	at com.google.cloud.datastore.computation.Computation.tryCatch(Computation.java:472)
	at com.google.cloud.datastore.core.auth.rules.AsyncTwoPhaseRulesAuthorizer.fullEvaluate(AsyncTwoPhaseRulesAuthorizer.java:992)
	at com.google.cloud.datastore.core.auth.rules.AsyncTwoPhaseRulesAuthorizer$WriteAuthorizerImpl.lambda$checkWrite$0(AsyncTwoPhaseRulesAuthorizer.java:1227)
	at com.google.cloud.datastore.computation.Computation.lambda$tryClose$1(Computation.java:741)
	at com.google.cloud.datastore.computation.Computation.tryCatch(Computation.java:472)
	at com.google.cloud.datastore.computation.Computation.tryFinally(Computation.java:708)
	at com.google.cloud.datastore.computation.Computation.tryFinally(Computation.java:714)
	at com.google.cloud.datastore.computation.Computation.tryClose(Computation.java:741)
	at com.google.cloud.datastore.core.auth.rules.AsyncTwoPhaseRulesAuthorizer$WriteAuthorizerImpl.checkWrite(AsyncTwoPhaseRulesAuthorizer.java:1199)
	at com.google.cloud.datastore.emulator.impl.rules.DefaultEmulatorRulesAuthorizer.lambda$checkCommit$2(DefaultEmulatorRulesAuthorizer.java:124)
	at com.google.cloud.datastore.computation.Computation.run(Computation.java:82)
	at com.google.cloud.datastore.computation.Computation$Terminated.toFuture(Computation.java:950)
	at com.google.cloud.datastore.computation.Computation.toFuture(Computation.java:93)
	at com.google.cloud.datastore.emulator.impl.rules.DefaultEmulatorRulesAuthorizer.finish(DefaultEmulatorRulesAuthorizer.java:308)
	at com.google.cloud.datastore.emulator.impl.rules.DefaultEmulatorRulesAuthorizer.lambda$checkCommit$0(DefaultEmulatorRulesAuthorizer.java:122)
	at com.google.cloud.datastore.emulator.impl.rules.DefaultEmulatorRulesAuthorizer.withVerboseErrors(DefaultEmulatorRulesAuthorizer.java:321)
	... 22 more

 {"metadata":{"emulator":{"name":"firestore"},"message":"Oct 07, 2026 8:00:37 PM com.google.cloud.datastore.emulator.impl.util.WrappedStreamObserver onError\nWARNING: Operation failed: \nevaluation error at L256:24 for 'create' @ L256, evaluation error at L261:24 for 'update' @ L261, Null value error. for 'create' @ L256\ncom.google.cloud.datastore.core.exception.DatastoreException: \nevaluation error at L256:24 for 'create' @ L256, evaluation error at L261:24 for 'update' @ L261, Null value error. for 'create' @ L256\n\tat com.google.cloud.datastore.core.exception.DatastoreException$Builder.build(DatastoreException.java:152)\n\tat com.google.cloud.datastore.emulator.impl.rules.DefaultEmulatorRulesAuthorizer.verboseError(DefaultEmulatorRulesAuthorizer.java:349)\n\tat com.google.cloud.datastore.emulator.impl.rules.DefaultEmulatorRulesAuthorizer.withVerboseErrors(DefaultEmulatorRulesAuthorizer.java:326)\n\tat com.google.cloud.datastore.emulator.impl.rules.DefaultEmulatorRulesAuthorizer.checkCommit(DefaultEmulatorRulesAuthorizer.java:113)\n\tat com.google.cloud.datastore.emulator.impl.firestore.FirestoreEmulatorHelper.commitHelper(FirestoreEmulatorHelper.java:407)\n\tat com.google.cloud.datastore.emulator.impl.firestore.FirestoreEmulatorHelper.internalCommit(FirestoreEmulatorHelper.java:348)\n\tat com.google.cloud.datastore.emulator.impl.firestore.CloudFirestoreV1.internalCommit(CloudFirestoreV1.java:1336)\n\tat com.google.cloud.datastore.emulator.impl.firestore.CloudFirestoreV1.write(CloudFirestoreV1.java:1321)\n\tat com.google.cloud.datastore.emulator.impl.firestore.CloudFirestoreV1WriteStream.handleRequest(CloudFirestoreV1WriteStream.java:222)\n\tat com.google.cloud.datastore.emulator.impl.firestore.CloudFirestoreV1WriteStream.write(CloudFirestoreV1WriteStream.java:144)\n\tat com.google.cloud.datastore.emulator.impl.firestore.CloudFirestoreV1WriteStream.onNext(CloudFirestoreV1WriteStream.java:99)\n\tat com.google.cloud.datastore.emulator.impl.firestore.CloudFirestoreV1WriteStream.onNext(CloudFirestoreV1WriteStream.java:27)\n\tat io.grpc.stub.ServerCalls$StreamingServerCallHandler$StreamingServerCallListener.onMessage(ServerCalls.java:262)\n\tat io.grpc.ForwardingServerCallListener.onMessage(ForwardingServerCallListener.java:33)\n\tat io.grpc.Contexts$ContextualizedServerCallListener.onMessage(Contexts.java:76)\n\tat io.grpc.ForwardingServerCallListener.onMessage(ForwardingServerCallListener.java:33)\n\tat io.grpc.Contexts$ContextualizedServerCallListener.onMessage(Contexts.java:76)\n\tat io.grpc.internal.ServerCallImpl$ServerStreamListenerImpl.messagesAvailableInternal(ServerCallImpl.java:334)\n\tat io.grpc.internal.ServerCallImpl$ServerStreamListenerImpl.messagesAvailable(ServerCallImpl.java:319)\n\tat io.grpc.internal.ServerImpl$JumpToApplicationThreadServerStreamListener$1MessagesAvailable.runInContext(ServerImpl.java:852)\n\tat io.grpc.internal.ContextRunnable.run(ContextRunnable.java:37)\n\tat io.grpc.internal.SerializingExecutor.run(SerializingExecutor.java:133)\n\tat java.base/java.util.concurrent.ThreadPoolExecutor.runWorker(ThreadPoolExecutor.java:1144)\n\tat java.base/java.util.concurrent.ThreadPoolExecutor$Worker.run(ThreadPoolExecutor.java:642)\n\tat java.base/java.lang.Thread.run(Thread.java:1583)\nCaused by: com.google.firebase.rules.runtime.common.EvaluationException: Error:  line [260], column [12]. Null value error.\n\tat com.google.firebase.rules.runtime.impl.DefaultEvaluator$TransformEvaluationException.apply(DefaultEvaluator.java:275)\n\tat com.google.firebase.rules.runtime.impl.DefaultEvaluator$TransformEvaluationException.apply(DefaultEvaluator.java:261)\n\tat com.google.common.util.concurrent.AbstractCatchingFuture$AsyncCatchingFuture.doFallback(AbstractCatchingFuture.java:207)\n\tat com.google.common.util.concurrent.AbstractCatchingFuture$AsyncCatchingFuture.doFallback(AbstractCatchingFuture.java:194)\n\tat com.google.common.util.concurrent.AbstractCatchingFuture.run(AbstractCatchingFuture.java:136)\n\tat com.google.common.util.concurrent.DirectExecutor.execute(DirectExecutor.java:30)\n\tat com.google.common.util.concurrent.AbstractFuture.executeListener(AbstractFuture.java:1045)\n\tat com.google.common.util.concurrent.AbstractFuture.addListener(AbstractFuture.java:492)\n\tat com.google.common.util.concurrent.FluentFuture$TrustedFuture.addListener(FluentFuture.java:122)\n\tat com.google.common.util.concurrent.AbstractCatchingFuture.createAsync(AbstractCatchingFuture.java:58)\n\tat com.google.common.util.concurrent.Futures.catchingAsync(Futures.java:411)\n\tat com.google.firebase.rules.runtime.impl.DefaultEvaluator.evaluate(DefaultEvaluator.java:177)\n\tat com.google.cloud.datastore.emulator.impl.rules.EmulatorRuleClient$EmulatorRuleEvaluator.evaluate(EmulatorRuleClient.java:88)\n\tat com.google.cloud.datastore.core.auth.rules.AsyncTwoPhaseRulesAuthorizer.lambda$fullEvaluate$0(AsyncTwoPhaseRulesAuthorizer.java:993)\n\tat com.google.cloud.datastore.computation.Computation.tryCatch(Computation.java:472)\n\tat com.google.cloud.datastore.core.auth.rules.AsyncTwoPhaseRulesAuthorizer.fullEvaluate(AsyncTwoPhaseRulesAuthorizer.java:992)\n\tat com.google.cloud.datastore.core.auth.rules.AsyncTwoPhaseRulesAuthorizer$WriteAuthorizerImpl.lambda$checkWrite$0(AsyncTwoPhaseRulesAuthorizer.java:1227)\n\tat com.google.cloud.datastore.computation.Computation.lambda$tryClose$1(Computation.java:741)\n\tat com.google.cloud.datastore.computation.Computation.tryCatch(Computation.java:472)\n\tat com.google.cloud.datastore.computation.Computation.tryFinally(Computation.java:708)\n\tat com.google.cloud.datastore.computation.Computation.tryFinally(Computation.java:714)\n\tat com.google.cloud.datastore.computation.Computation.tryClose(Computation.java:741)\n\tat com.google.cloud.datastore.core.auth.rules.AsyncTwoPhaseRulesAuthorizer$WriteAuthorizerImpl.checkWrite(AsyncTwoPhaseRulesAuthorizer.java:1199)\n\tat com.google.cloud.datastore.emulator.impl.rules.DefaultEmulatorRulesAuthorizer.lambda$checkCommit$2(DefaultEmulatorRulesAuthorizer.java:124)\n\tat com.google.cloud.datastore.computation.Computation.run(Computation.java:82)\n\tat com.google.cloud.datastore.computation.Computation$Terminated.toFuture(Computation.java:950)\n\tat com.google.cloud.datastore.computation.Computation.toFuture(Computation.java:93)\n\tat com.google.cloud.datastore.emulator.impl.rules.DefaultEmulatorRulesAuthorizer.finish(DefaultEmulatorRulesAuthorizer.java:308)\n\tat com.google.cloud.datastore.emulator.impl.rules.DefaultEmulatorRulesAuthorizer.lambda$checkCommit$0(DefaultEmulatorRulesAuthorizer.java:122)\n\tat com.google.cloud.datastore.emulator.impl.rules.DefaultEmulatorRulesAuthorizer.withVerboseErrors(DefaultEmulatorRulesAuthorizer.java:321)\n\t... 22 more\n\n"}}
[info] i  firestore: Change detected, updating rules... 
[debug] [2026-10-07T20:01:07.890Z] >>> [apiv2][query] PUT http://127.0.0.1:8080/emulator/v1/projects/demo-es-chat:securityRules [none]
[debug] [2026-10-07T20:01:07.890Z] >>> [apiv2][body] PUT http://127.0.0.1:8080/emulator/v1/projects/demo-es-chat:securityRules {"ignore_errors":true,"rules":{"files":[{"name":"security.rules","content":"rules_version = '2';\nservice cloud.firestore {\n  match /databases/{db}/documents {\n\n    function signedIn() { return request.auth != null; }\n    function isOwner() {\n      return signedIn()\n        && request.auth.token.email == 'moreand458@gmail.com'\n        && request.auth.token.email_verified == true;\n    }\n    function notBanned() {\n      return !(exists(/databases/$(db)/documents/users/$(request.auth.uid))\n        && get(/databases/$(db)/documents/users/$(request.auth.uid)).data.get('banned', false) == true);\n    }\n    function siteFlag(k) {\n      return !exists(/databases/$(db)/documents/settings/site)\n        || get(/databases/$(db)/documents/settings/site).data.get(k, true) != false;\n    }\n    function validProfile(d) {\n      return d.get('name', 'x').size() >= 1 && d.get('name', 'x').size() <= 40\n        && d.get('bio', '').size() <= 160\n        && d.get('photo', '').size() < 150000\n        && d.get('gender', 'male') in ['male', 'female'];\n    }\n\n    // ---------- المستخدمون ----------\n    match /users/{uid} {\n      allow get: if signedIn() && (request.auth.uid == uid || isOwner());\n      allow list: if isOwner();\n      allow create: if isOwner() && request.auth.uid == uid\n        || (signedIn() && request.auth.uid == uid && siteFlag('registrationOpen')\n            && request.resource.data.keys().hasOnly(['uid','name','createdAt','lastLogin','loginCount','onboarded'])\n            && validProfile(request.resource.data));\n      allow update: if isOwner()\n        || (signedIn() && request.auth.uid == uid\n            && request.resource.data.diff(resource.data).affectedKeys()\n                 .hasOnly(['name','photo','gender','bio','username','lastLogin','loginCount','onboarded','lastSeen','hideLastSeen','readReceipts','noAdd'])\n            && (!('username' in request.resource.data.diff(resource.data).affectedKeys())\n                || resource.data.get('username', '') == '')\n            && validProfile(request.resource.data));\n      allow delete: if isOwner();\n    }\n\n    match /users/{uid}/public/{d} {\n      allow get: if signedIn();\n      allow list: if isOwner();\n      allow create, update: if signedIn() && (request.auth.uid == uid || isOwner())\n        && request.resource.data.keys().hasOnly(['uid','name','photo','gender','bio','username','hideLastSeen','lastSeen','verified'])\n        && request.resource.data.uid == uid && validProfile(request.resource.data);\n      allow delete: if signedIn() && request.auth.uid == uid;\n    }\n\n    match /users/{uid}/private/{d} {\n      allow read, write: if signedIn() && (request.auth.uid == uid || isOwner());\n    }\n\n    match /users/{uid}/data/{d} {\n      allow read, write: if signedIn() && request.auth.uid == uid;\n    }\n\n    match /users/{uid}/tokens/{t} {\n      allow read, write: if signedIn() && request.auth.uid == uid;\n    }\n\n    // مفاتيح عامة للمرحلة الأولى من التشفير: لا يوجد أي private key هنا.\n    match /users/{uid}/crypto/{deviceId} {\n      allow get, list: if signedIn();\n      allow create, update: if signedIn() && request.auth.uid == uid\n        && request.resource.data.keys().hasOnly(['deviceId','identityDHPublic','identitySignPublic','signedPreKeyPublic','signedPreKeySignature','preKeysPublic','protocol'])\n        && request.resource.data.deviceId == deviceId\n        && request.resource.data.preKeysPublic is list\n        && request.resource.data.preKeysPublic.size() <= 100\n        && request.resource.data.protocol == 'e2ee-foundation-p256-v1';\n      allow delete: if signedIn() && request.auth.uid == uid;\n    }\n\n    match /settings/{d} {\n      allow read: if signedIn();\n      allow write: if isOwner();\n    }\n\n    // ---------- أسماء المستخدمين (فريدة) ----------\n    match /usernames/{u} {\n      allow get: if signedIn();\n      allow list: if isOwner();\n      allow create: if signedIn()\n        && u.matches('^[a-z0-9_]{3,20}$')\n        && request.resource.data.keys().hasOnly(['uid'])\n        && request.resource.data.uid == request.auth.uid;\n      allow delete: if isOwner();\n    }\n\n    // ---------- المحادثات (public = الغرفة العامة، والخاصة id = uid1_uid2) ----------\n    match /chats/{chatId} {\n      function inId() { return signedIn() && (chatId.split('_')[0] == request.auth.uid || chatId.split('_')[1] == request.auth.uid); }\n      allow get: if inId();\n      allow list: if signedIn() && request.auth.uid in resource.data.members;\n      allow create: if inId() && notBanned()\n        && request.resource.data.keys().hasOnly(['members','lastText','lastAt','lastUid','typing','read','ttl'])\n        && request.resource.data.members.size() == 2\n        && request.auth.uid in request.resource.data.members\n        && chatId == request.resource.data.members[0] + '_' + request.resource.data.members[1];\n      allow update: if inId() && notBanned()\n        && request.resource.data.diff(resource.data).affectedKeys().hasOnly(['lastText','lastAt','lastUid','typing','read','ttl','pin','pins'])\n        && request.resource.data.get('pins', []).size() <= 3;\n    }\n\n    match /chats/{chatId}/messages/{m} {\n      function inChat() { return chatId == 'public' || chatId.split('_')[0] == request.auth.uid || chatId.split('_')[1] == request.auth.uid; }\n      allow read: if signedIn() && inChat();\n      allow create: if signedIn() && notBanned() && inChat() && (chatId != 'public' || isOwner() || siteFlag('publicOpen'))\n        && (chatId == 'public' || (('cipher' in request.resource.data) && !('loc' in request.resource.data) && !('poll' in request.resource.data) && !('text' in request.resource.data) && !('img' in request.resource.data) && !('file' in request.resource.data)))\n        && request.resource.data.keys().hasOnly(['uid','text','at','reply','exp','img','loc','fwd','poll','cipher'])\n        && (chatId == 'public' || request.resource.data.keys().hasOnly(['uid','at','exp','cipher']))\n        && request.resource.data.uid == request.auth.uid\n        && request.resource.data.get('text', '') is string\n        && request.resource.data.get('text', '').size() <= 2000\n        && (request.resource.data.get('text', '').size() > 0 || 'img' in request.resource.data || 'loc' in request.resource.data || 'poll' in request.resource.data\n            || ('cipher' in request.resource.data\n              && request.resource.data.cipher.v == 2\n              && request.resource.data.cipher.alg == 'ECDH-P256-AESGCM-DUAL'\n              && request.resource.data.cipher.keys().hasOnly(['v','alg','recipient','sender'])\n              && request.resource.data.cipher.recipient.keys().hasOnly(['senderEphemeralPublic','iv','ciphertext'])\n              && request.resource.data.cipher.sender.keys().hasOnly(['senderIdentityPublic','iv','ciphertext'])\n              && request.resource.data.cipher.recipient.iv is string && request.resource.data.cipher.recipient.iv.size() == 16\n              && request.resource.data.cipher.sender.iv is string && request.resource.data.cipher.sender.iv.size() == 16\n              && request.resource.data.cipher.recipient.ciphertext is string && request.resource.data.cipher.recipient.ciphertext.size() <= 600000\n              && request.resource.data.cipher.sender.ciphertext is string && request.resource.data.cipher.sender.ciphertext.size() <= 600000))\n        && (!('poll' in request.resource.data) || (request.resource.data.poll.keys().hasOnly(['q','o'])\n              && request.resource.data.poll.q is string && request.resource.data.poll.q.size() >= 1 && request.resource.data.poll.q.size() <= 200\n              && request.resource.data.poll.o is list && request.resource.data.poll.o.size() >= 2 && request.resource.data.poll.o.size() <= 12))\n        && request.resource.data.get('img', '').size() < 400000;\n      allow update: if (signedIn() && resource.data.uid == request.auth.uid\n        && (chatId == 'public' || request.resource.data.diff(resource.data).affectedKeys().hasOnly(['deleted']))\n        && request.resource.data.diff(resource.data).affectedKeys().hasOnly(['deleted','text','img','loc','reply'])\n        && request.resource.data.deleted == true)\n        // تعديل منشور خاص: صاحبه فقط\n        || (signedIn() && chatId != 'public' && resource.data.uid == request.auth.uid\n          && request.resource.data.diff(resource.data).affectedKeys().hasOnly(['cipher'])\n          && request.resource.data.cipher.keys().hasOnly(['v','alg','recipient','sender'])\n          && request.resource.data.cipher.v == 2\n          && request.resource.data.cipher.alg == 'ECDH-P256-AESGCM-DUAL')\n        || (signedIn() && chatId == 'public' && resource.data.uid == request.auth.uid\n          && request.resource.data.diff(resource.data).affectedKeys().hasOnly(['text'])\n          && request.resource.data.text is string && request.resource.data.text.size() > 0 && request.resource.data.text.size() <= 2000)\n        // تفاعل بإيموجي: كل مستخدم يعدّل خانته فقط، والقراءة محصورة بأطراف المحادثة\n        || (signedIn() && chatId == 'public' && inChat()\n          && request.resource.data.diff(resource.data).affectedKeys().hasOnly(['reactions'])\n          && request.resource.data.reactions is map\n          && request.resource.data.reactions.diff(resource.data.get('reactions', {})).affectedKeys().hasOnly([request.auth.uid]))\n        || (signedIn() && chatId != 'public' && inChat()\n          && request.resource.data.diff(resource.data).affectedKeys().hasOnly(['reactionCiphers'])\n          && request.resource.data.reactionCiphers is map\n          && request.resource.data.reactionCiphers.diff(resource.data.get('reactionCiphers', {})).affectedKeys().hasOnly([request.auth.uid])\n          && (!(request.auth.uid in request.resource.data.reactionCiphers)\n              || (request.resource.data.reactionCiphers[request.auth.uid].keys().hasOnly(['v','alg','senderIdentityPublic','iv','ciphertext'])\n                && request.resource.data.reactionCiphers[request.auth.uid].alg == 'ECDH-P256-AESGCM-SHARED'\n                && request.resource.data.reactionCiphers[request.auth.uid].ciphertext is string\n                && request.resource.data.reactionCiphers[request.auth.uid].ciphertext.size() <= 20000)))\n        // تصويت في استفتاء: المشارك يعدّل صوته هو بس\n        || (signedIn() && inChat() && 'poll' in resource.data\n          && request.resource.data.diff(resource.data).affectedKeys().hasOnly(['votes'])\n          && request.resource.data.votes.diff(resource.data.get('votes', {})).affectedKeys().hasOnly([request.auth.uid])\n          && (!(request.auth.uid in request.resource.data.votes)\n              || (request.resource.data.votes[request.auth.uid] is int\n                  && request.resource.data.votes[request.auth.uid] >= 0\n                  && request.resource.data.votes[request.auth.uid] < resource.data.poll.o.size())));\n      allow delete: if signedIn() && (resource.data.uid == request.auth.uid || (isOwner() && chatId == 'public'));\n    }\n\n    // ---------- المجموعات والقنوات ----------\n    function gm(g) { return request.auth.uid in g.members; }\n    function gAdmin(g) { return gm(g) && (request.auth.uid == g.owner || request.auth.uid in g.admins); }\n    function gMax(g) { return g.kind == 'channel' ? 5000 : 256; }\n    function secretP(gid) { return /databases/$(db)/documents/groups/$(gid)/secret/invite; }\n    function invitedP(gid, u) { return /databases/$(db)/documents/groups/$(gid)/invites/$(u); }\n    // رابط الدعوة: القناة العامة مفتوحة، وغير كده لو فيه مفتاح مسجّل لازم العضو الجديد يكون كتب نفس المفتاح في نفس العملية\n    function inviteOk(gid, g) {\n      return g.get('public', false) == true || !exists(secretP(gid))\n        || getAfter(invitedP(gid, request.auth.uid)).data.k == get(secretP(gid)).data.key;\n    }\n\n    match /groups/{gid} {\n      // مستند المجموعة الكامل لا يُقرأ إلا بواسطة عضو؛ دليل القنوات العام منفصل أسفل القاعدة.\n      allow get, list: if signedIn() && request.auth.uid in resource.data.members;\n      allow create: if signedIn() && notBanned()\n        && request.resource.data.owner == request.auth.uid\n        && request.resource.data.keys().hasOnly(['kind','name','desc','photo','owner','admins','members','public','joinOpen','handle','createdAt','lastText','lastAt','lastUid','lastName'])\n        && request.resource.data.kind in ['group','channel']\n        && request.resource.data.name is string\n        && request.resource.data.name.size() >= 1 && request.resource.data.name.size() <= 50\n        && request.resource.data.get('desc', '').size() <= (request.resource.data.kind == 'channel' ? 512 : 200)\n        && request.resource.data.get('photo', '').size() < 150000\n        && request.resource.data.admins == [request.auth.uid]\n        && request.auth.uid in request.resource.data.members\n        && request.resource.data.members.size() <= 60;\n      allow update: if signedIn() && notBanned() && (\n        // 1) المشرفين: تعديل البيانات وإضافة/إزالة الأعضاء\n        (gAdmin(resource.data)\n          && request.resource.data.owner == resource.data.owner\n          && request.resource.data.kind == resource.data.kind\n          && request.resource.data.name.size() >= 1 && request.resource.data.name.size() <= 50\n          && request.resource.data.get('desc', '').size() <= (resource.data.kind == 'channel' ? 512 : 200)\n          && request.resource.data.get('photo', '').size() < 150000\n          && resource.data.owner in request.resource.data.members\n          && request.resource.data.members.size() <= gMax(resource.data)\n          && (request.resource.data.admins == resource.data.admins || request.auth.uid == resource.data.owner)\n          && request.resource.data.get('pins', []).size() <= 3\n          // مفتاح handle مش موجود في اللستة دي، يعني ثابت بعد الإنشاء ومينفعش يتغيّر من هنا (كان ينفع يتسرق handle مجموعة تانية)\n          && request.resource.data.diff(resource.data).affectedKeys()\n               .hasOnly(['name','desc','photo','public','joinOpen','approve','noReact','sendAdmins','verified','members','admins','banned','muted','pin','pins'])\n          && (request.resource.data.get('verified', false) == resource.data.get('verified', false) || request.auth.uid == resource.data.owner))\n        // 2) انضمام / متابعة بالرابط\n        || (resource.data.joinOpen == true && resource.data.get('approve', false) == false && !(request.auth.uid in resource.data.members) && !(request.auth.uid in resource.data.get('banned', [])) && inviteOk(gid, resource.data)\n          && request.resource.data.diff(resource.data).affectedKeys().hasOnly(['members'])\n          && request.auth.uid in request.resource.data.members\n          && request.resource.data.members.hasAll(resource.data.members)\n          && request.resource.data.members.size() == resource.data.members.size() + 1\n          && request.resource.data.members.size() <= gMax(resource.data))\n        // 3) مغادرة\n        || (gm(resource.data) && request.auth.uid != resource.data.owner\n          && request.resource.data.diff(resource.data).affectedKeys().hasOnly(['members','admins'])\n          && !(request.auth.uid in request.resource.data.members)\n          && !(request.auth.uid in request.resource.data.admins)\n          && request.resource.data.members.hasOnly(resource.data.members)\n          && request.resource.data.members.size() == resource.data.members.size() - 1)\n        // 3.5) المالك بيخرج وبينقل الملكية لعضو\n        || (request.auth.uid == resource.data.owner\n          && request.resource.data.diff(resource.data).affectedKeys().hasOnly(['owner','members','admins'])\n          && request.resource.data.owner != request.auth.uid\n          && request.resource.data.owner in resource.data.members\n          && request.resource.data.owner in request.resource.data.admins\n          && !(request.auth.uid in request.resource.data.members)\n          && !(request.auth.uid in request.resource.data.admins)\n          && request.resource.data.members.hasOnly(resource.data.members)\n          && request.resource.data.members.size() == resource.data.members.size() - 1)\n        // 3.7) قبول دعوة مشرف (التوكن لازم يكون موجود، وبيتمسح في نفس العملية فمينفعش يتستخدم مرتين)\n        || (gm(resource.data)\n          && request.resource.data.diff(resource.data).affectedKeys().hasOnly(['admins'])\n          && request.auth.uid in request.resource.data.admins\n          && request.resource.data.admins.hasAll(resource.data.admins)\n          && request.resource.data.admins.size() == resource.data.admins.size() + 1\n          && (resource.data.kind == 'group' || request.resource.data.admins.size() <= 16)\n          && exists(/databases/$(db)/documents/groups/$(gid)/adminInvites/$(getAfter(/databases/$(db)/documents/groups/$(gid)/adminAccepts/$(request.auth.uid)).data.t)))\n        // 4) تحديث آخر رسالة (الأعضاء في المجموعات، والمشرفين في القنوات)\n        || (gm(resource.data)\n          && request.resource.data.diff(resource.data).affectedKeys().hasOnly(['lastText','lastAt','lastUid','lastName'])\n          && ((resource.data.kind == 'group' && resource.data.get('sendAdmins', false) == false) || gAdmin(resource.data)))\n      );\n      allow delete: if signedIn() && request.auth.uid == resource.data.owner;\n    }\n\n    // دليل القنوات العامة فقط؛ لا يحتوي members أو admins.\n    match /groupDirectory/{gid} {\n      allow get, list: if signedIn();\n      allow create: if signedIn() && request.auth.uid == request.resource.data.owner\n        && request.resource.data.keys().hasOnly(['kind','name','desc','photo','owner','public','verified','joinOpen','handle','createdAt','lastText','lastAt','lastUid'])\n        && request.resource.data.kind in ['group','channel']\n        && ((request.resource.data.kind == 'channel' && request.resource.data.public == true) || request.resource.data.public == false)\n        && existsAfter(/databases/$(db)/documents/groups/$(gid))\n        && getAfter(/databases/$(db)/documents/groups/$(gid)).data.owner == request.auth.uid;\n      allow update: if signedIn() && resource.data.owner == request.auth.uid\n        && request.auth.uid == request.resource.data.owner\n        && request.resource.data.keys().hasOnly(['kind','name','desc','photo','owner','public','verified','joinOpen','handle','createdAt','lastText','lastAt','lastUid'])\n        && get(/databases/$(db)/documents/groups/$(gid)).data.owner == request.auth.uid;\n      allow delete: if signedIn() && (request.auth.uid == resource.data.owner || isOwner());\n    }\n\n    // مفتاح رابط الدعوة (الأعضاء بس يقروه، والمشرف يغيّره = إعادة تعيين الرابط)\n    match /groups/{gid}/secret/{d} {\n      function G() { return get(/databases/$(db)/documents/groups/$(gid)).data; }\n      allow read: if signedIn() && d == 'invite' && request.auth.uid in G().members;\n      allow create, update: if signedIn() && d == 'invite'\n        && request.resource.data.keys().hasOnly(['key'])\n        && request.resource.data.key is string && request.resource.data.key.size() >= 12 && request.resource.data.key.size() <= 40\n        && (gAdmin(G()) || getAfter(/databases/$(db)/documents/groups/$(gid)).data.owner == request.auth.uid);\n    }\n    // إثبات إن العضو الجديد معاه المفتاح (بيتكتب في نفس العملية مع الانضمام)\n    match /groups/{gid}/invites/{u} {\n      allow create, update: if signedIn() && notBanned() && request.auth.uid == u\n        && request.resource.data.keys().hasOnly(['k']) && request.resource.data.k is string && request.resource.data.k.size() <= 40;\n      allow read, delete: if signedIn() && request.auth.uid == u;\n    }\n    // روابط دعوة المشرف (المالك بس بيعملها)\n    match /groups/{gid}/adminInvites/{t} {\n      function G() { return get(/databases/$(db)/documents/groups/$(gid)).data; }\n      allow create: if signedIn() && G().owner == request.auth.uid && t.matches('^[A-Za-z0-9]{16,40}$')\n        && request.resource.data.keys().hasOnly(['at']);\n      allow read: if signedIn() && G().owner == request.auth.uid;\n      allow delete: if signedIn() && (G().owner == request.auth.uid\n        || getAfter(/databases/$(db)/documents/groups/$(gid)/adminAccepts/$(request.auth.uid)).data.t == t);\n    }\n    match /groups/{gid}/adminAccepts/{u} {\n      allow create, update: if signedIn() && notBanned() && request.auth.uid == u\n        && request.resource.data.keys().hasOnly(['t']) && request.resource.data.t is string && request.resource.data.t.size() <= 40;\n      allow read, delete: if signedIn() && request.auth.uid == u;\n    }\n\n    // طلبات الانضمام (للمجموعات اللي فيها \"الموافقة على الأعضاء الجدد\")\n    match /groups/{gid}/requests/{uid} {\n      function G() { return get(/databases/$(db)/documents/groups/$(gid)).data; }\n      allow create: if signedIn() && notBanned() && request.auth.uid == uid\n        && G().get('joinOpen', false) == true && G().get('approve', false) == true && !(uid in G().members) && !(uid in G().get('banned', [])) && inviteOk(gid, G())\n        && request.resource.data.keys().hasOnly(['at','name']);\n      allow read, delete: if signedIn() && (request.auth.uid == uid || gAdmin(G()));\n    }\n\n    match /groups/{gid}/messages/{m} {\n      function G() { return get(/databases/$(db)/documents/groups/$(gid)).data; }\n      allow read: if signedIn() && (request.auth.uid in G().members || (G().get('public', false) == true && G().kind == 'channel'));\n      allow create: if signedIn() && notBanned() && request.auth.uid in G().members\n        && (!(request.auth.uid in G().get('muted', {})) || G().get('muted', {})[request.auth.uid] < request.time.toMillis())\n        && ((G().kind == 'group' && G().get('sendAdmins', false) == false) || request.auth.uid == G().owner || request.auth.uid in G().admins)\n        && request.resource.data.keys().hasOnly(['uid','text','at','reply','img','loc','fwd','poll'])\n        && request.resource.data.uid == request.auth.uid\n        && request.resource.data.get('text', '') is string\n        && request.resource.data.get('text', '').size() <= 2000\n        && (request.resource.data.get('text', '').size() > 0 || 'img' in request.resource.data || 'loc' in request.resource.data || 'poll' in request.resource.data)\n        && (!('poll' in request.resource.data) || (request.resource.data.poll.keys().hasOnly(['q','o'])\n              && request.resource.data.poll.q is string && request.resource.data.poll.q.size() >= 1 && request.resource.data.poll.q.size() <= 200\n              && request.resource.data.poll.o is list && request.resource.data.poll.o.size() >= 2 && request.resource.data.poll.o.size() <= 12))\n        && request.resource.data.get('img', '').size() < 400000;\n      allow update: if (signedIn() && resource.data.uid == request.auth.uid\n        && request.resource.data.diff(resource.data).affectedKeys().hasOnly(['deleted','text','img','loc','reply'])\n        && request.resource.data.deleted == true)\n        // تعديل منشور: صاحبه فقط، والنص لا يتجاوز 2000 حرف\n        || (signedIn() && resource.data.uid == request.auth.uid\n          && request.resource.data.diff(resource.data).affectedKeys().hasOnly(['text'])\n          && request.resource.data.text is string && request.resource.data.text.size() > 0 && request.resource.data.text.size() <= 2000)\n        // تفاعل بإيموجي: العضو يعدّل خانته هو بس جوه reactions\n        || (signedIn() && request.auth.uid in G().members && G().get('noReact', false) == false\n          && request.resource.data.diff(resource.data).affectedKeys().hasOnly(['reactions'])\n          && request.resource.data.reactions is map\n          && request.resource.data.reactions.diff(resource.data.get('reactions', {})).affectedKeys().hasOnly([request.auth.uid]))\n        // تصويت في استفتاء: العضو يعدّل صوته هو بس\n        || (signedIn() && request.auth.uid in G().members && 'poll' in resource.data\n          && request.resource.data.diff(resource.data).affectedKeys().hasOnly(['votes'])\n          && request.resource.data.votes.diff(resource.data.get('votes', {})).affectedKeys().hasOnly([request.auth.uid])\n          && (!(request.auth.uid in request.resource.data.votes)\n              || (request.resource.data.votes[request.auth.uid] is int\n                  && request.resource.data.votes[request.auth.uid] >= 0\n                  && request.resource.data.votes[request.auth.uid] < resource.data.poll.o.size())));\n      allow delete: if signedIn() && (resource.data.uid == request.auth.uid\n        || (request.auth.uid in G().members && (request.auth.uid == G().owner || request.auth.uid in G().admins)));\n    }\n\n    // إيصالات القراءة: لا يكتبها إلا القارئ نفسه، ولا يقرأها إلا مرسل الرسالة أو مشرف المجموعة/القناة أو طرف الخاص\n    match /groups/{gid}/messages/{m}/receipts/{uid} {\n      function G() { return get(/databases/$(db)/documents/groups/$(gid)).data; }\n      function M() { return get(/databases/$(db)/documents/groups/$(gid)/messages/$(m)).data; }\n      allow create, update: if signedIn() && uid == request.auth.uid && uid in G().members && request.resource.data.keys().hasOnly(['uid','at']);\n      allow read: if signedIn() && (request.auth.uid == M().uid || request.auth.uid == G().owner || request.auth.uid in G().admins);\n    }\n    match /chats/{chatId}/messages/{m}/receipts/{uid} {\n      function M() { return get(/databases/$(db)/documents/chats/$(chatId)/messages/$(m)).data; }\n      allow create, update: if signedIn() && uid == request.auth.uid && (chatId == 'public' || (chatId.split('_')[0] == request.auth.uid || chatId.split('_')[1] == request.auth.uid)) && request.resource.data.keys().hasOnly(['uid','at']);\n      allow read: if signedIn() && (chatId == 'public' ? (request.auth.uid == M().uid || isOwner()) : (chatId.split('_')[0] == request.auth.uid || chatId.split('_')[1] == request.auth.uid));\n    }\n    // إحصائيات مجهّلة: كل عضو يكتب سجله فقط، والمشرفون يقرؤون التجميع\n    match /groups/{gid}/analytics/{uid} {\n      function G() { return get(/databases/$(db)/documents/groups/$(gid)).data; }\n      allow create, update: if signedIn() && uid == request.auth.uid && uid in G().members\n        && request.resource.data.keys().hasOnly(['uid','opens','lastOpen','firstOpen'])\n        && request.resource.data.uid == uid && request.resource.data.opens is int;\n      allow read, list: if signedIn() && (request.auth.uid == G().owner || request.auth.uid in G().admins);\n    }\n\n    match /handles/{h} {\n      allow get: if signedIn();\n      allow list: if isOwner();\n      allow create: if signedIn() && h.matches('^[a-z0-9_]{3,20}$')\n        && request.resource.data.keys().hasOnly(['gid','owner'])\n        && request.resource.data.owner == request.auth.uid\n        && getAfter(/databases/$(db)/documents/groups/$(request.resource.data.gid)).data.owner == request.auth.uid;\n      allow delete: if signedIn() && (resource.data.owner == request.auth.uid\n        || get(/databases/$(db)/documents/groups/$(resource.data.gid)).data.owner == request.auth.uid);\n    }\n\n    match /reports/{id} {\n      allow create: if signedIn() && request.resource.data.reporter == request.auth.uid\n        && request.resource.data.keys().hasOnly(['reporter','kind','chatId','messageId','targetUid','text','at'])\n        && request.resource.data.text is string && request.resource.data.text.size() <= 200;\n      allow read, delete: if isOwner();\n    }\n\n    // ---------- إحصائيات الزيارات ----------\n    match /stats/{d} {\n      allow read: if isOwner();\n      allow create: if signedIn() && request.resource.data.keys().hasOnly(['visits']) && request.resource.data.visits == 1;\n      allow update: if signedIn() && request.resource.data.diff(resource.data).affectedKeys().hasOnly(['visits'])\n        && request.resource.data.visits == resource.data.visits + 1;\n    }\n\n    // ---------- سجل الدخول ----------\n    match /logins/{id} {\n      allow read: if isOwner();\n      allow create: if signedIn() && request.resource.data.uid == request.auth.uid\n        && request.resource.data.keys().hasOnly(['uid','name','at']);\n    }\n  }\n}\n"}]}}
[debug] [2026-10-07T20:01:07.899Z] Oct 07, 2026 8:01:07 PM io.gapi.emulators.netty.HttpVersionRoutingHandler channelRead
INFO: Detected non-HTTP/2 connection.
 {"metadata":{"emulator":{"name":"firestore"},"message":"Oct 07, 2026 8:01:07 PM io.gapi.emulators.netty.HttpVersionRoutingHandler channelRead\nINFO: Detected non-HTTP/2 connection.\n"}}
[debug] [2026-10-07T20:01:08.153Z] <<< [apiv2][status] PUT http://127.0.0.1:8080/emulator/v1/projects/demo-es-chat:securityRules 200
[debug] [2026-10-07T20:01:08.153Z] <<< [apiv2][body] PUT http://127.0.0.1:8080/emulator/v1/projects/demo-es-chat:securityRules {}
[info] ✔  firestore: Rules updated. 
[debug] [2026-10-07T20:01:28.976Z] Oct 07, 2026 8:01:28 PM io.gapi.emulators.netty.HttpVersionRoutingHandler channelRead
INFO: Detected non-HTTP/2 connection.
 {"metadata":{"emulator":{"name":"firestore"},"message":"Oct 07, 2026 8:01:28 PM io.gapi.emulators.netty.HttpVersionRoutingHandler channelRead\nINFO: Detected non-HTTP/2 connection.\n"}}
[debug] [2026-10-07T20:01:29.274Z] Oct 07, 2026 8:01:29 PM io.gapi.emulators.netty.HttpVersionRoutingHandler channelRead
INFO: Detected HTTP/2 connection.
 {"metadata":{"emulator":{"name":"firestore"},"message":"Oct 07, 2026 8:01:29 PM io.gapi.emulators.netty.HttpVersionRoutingHandler channelRead\nINFO: Detected HTTP/2 connection.\n"}}
[debug] [2026-10-07T20:01:29.353Z] Oct 07, 2026 8:01:29 PM io.gapi.emulators.netty.HttpVersionRoutingHandler channelRead
INFO: Detected HTTP/2 connection.
 {"metadata":{"emulator":{"name":"firestore"},"message":"Oct 07, 2026 8:01:29 PM io.gapi.emulators.netty.HttpVersionRoutingHandler channelRead\nINFO: Detected HTTP/2 connection.\n"}}
[debug] [2026-10-07T20:01:29.446Z] Oct 07, 2026 8:01:29 PM com.google.cloud.datastore.emulator.impl.util.WrappedStreamObserver onError
WARNING: Operation failed: 
false for 'create' @ L111, evaluation error at L133:24 for 'update' @ L133, false for 'create' @ L111
com.google.cloud.datastore.core.exception.DatastoreException: 
false for 'create' @ L111, evaluation error at L133:24 for 'update' @ L133, false for 'create' @ L111
	at com.google.cloud.datastore.core.exception.DatastoreException$Builder.build(DatastoreException.java:152)
	at com.google.cloud.datastore.emulator.impl.rules.DefaultEmulatorRulesAuthorizer.verboseError(DefaultEmulatorRulesAuthorizer.java:349)
	at com.google.cloud.datastore.emulator.impl.rules.DefaultEmulatorRulesAuthorizer.withVerboseErrors(DefaultEmulatorRulesAuthorizer.java:326)
	at com.google.cloud.datastore.emulator.impl.rules.DefaultEmulatorRulesAuthorizer.checkCommit(DefaultEmulatorRulesAuthorizer.java:113)
	at com.google.cloud.datastore.emulator.impl.firestore.FirestoreEmulatorHelper.commitHelper(FirestoreEmulatorHelper.java:407)
	at com.google.cloud.datastore.emulator.impl.firestore.FirestoreEmulatorHelper.internalCommit(FirestoreEmulatorHelper.java:348)
	at com.google.cloud.datastore.emulator.impl.firestore.CloudFirestoreV1.internalCommit(CloudFirestoreV1.java:1336)
	at com.google.cloud.datastore.emulator.impl.firestore.CloudFirestoreV1.write(CloudFirestoreV1.java:1321)
	at com.google.cloud.datastore.emulator.impl.firestore.CloudFirestoreV1WriteStream.handleRequest(CloudFirestoreV1WriteStream.java:222)
	at com.google.cloud.datastore.emulator.impl.firestore.CloudFirestoreV1WriteStream.write(CloudFirestoreV1WriteStream.java:144)
	at com.google.cloud.datastore.emulator.impl.firestore.CloudFirestoreV1WriteStream.onNext(CloudFirestoreV1WriteStream.java:99)
	at com.google.cloud.datastore.emulator.impl.firestore.CloudFirestoreV1WriteStream.onNext(CloudFirestoreV1WriteStream.java:27)
	at io.grpc.stub.ServerCalls$StreamingServerCallHandler$StreamingServerCallListener.onMessage(ServerCalls.java:262)
	at io.grpc.ForwardingServerCallListener.onMessage(ForwardingServerCallListener.java:33)
	at io.grpc.Contexts$ContextualizedServerCallListener.onMessage(Contexts.java:76)
	at io.grpc.ForwardingServerCallListener.onMessage(ForwardingServerCallListener.java:33)
	at io.grpc.Contexts$ContextualizedServerCallListener.onMessage(Contexts.java:76)
	at io.grpc.internal.ServerCallImpl$ServerStreamListenerImpl.messagesAvailableInternal(ServerCallImpl.java:334)
	at io.grpc.internal.ServerCallImpl$ServerStreamListenerImpl.messagesAvailable(ServerCallImpl.java:319)
	at io.grpc.internal.ServerImpl$JumpToApplicationThreadServerStreamListener$1MessagesAvailable.runInContext(ServerImpl.java:852)
	at io.grpc.internal.ContextRunnable.run(ContextRunnable.java:37)
	at io.grpc.internal.SerializingExecutor.run(SerializingExecutor.java:133)
	at java.base/java.util.concurrent.ThreadPoolExecutor.runWorker(ThreadPoolExecutor.java:1144)
	at java.base/java.util.concurrent.ThreadPoolExecutor$Worker.run(ThreadPoolExecutor.java:642)
	at java.base/java.lang.Thread.run(Thread.java:1583)

 {"metadata":{"emulator":{"name":"firestore"},"message":"Oct 07, 2026 8:01:29 PM com.google.cloud.datastore.emulator.impl.util.WrappedStreamObserver onError\nWARNING: Operation failed: \nfalse for 'create' @ L111, evaluation error at L133:24 for 'update' @ L133, false for 'create' @ L111\ncom.google.cloud.datastore.core.exception.DatastoreException: \nfalse for 'create' @ L111, evaluation error at L133:24 for 'update' @ L133, false for 'create' @ L111\n\tat com.google.cloud.datastore.core.exception.DatastoreException$Builder.build(DatastoreException.java:152)\n\tat com.google.cloud.datastore.emulator.impl.rules.DefaultEmulatorRulesAuthorizer.verboseError(DefaultEmulatorRulesAuthorizer.java:349)\n\tat com.google.cloud.datastore.emulator.impl.rules.DefaultEmulatorRulesAuthorizer.withVerboseErrors(DefaultEmulatorRulesAuthorizer.java:326)\n\tat com.google.cloud.datastore.emulator.impl.rules.DefaultEmulatorRulesAuthorizer.checkCommit(DefaultEmulatorRulesAuthorizer.java:113)\n\tat com.google.cloud.datastore.emulator.impl.firestore.FirestoreEmulatorHelper.commitHelper(FirestoreEmulatorHelper.java:407)\n\tat com.google.cloud.datastore.emulator.impl.firestore.FirestoreEmulatorHelper.internalCommit(FirestoreEmulatorHelper.java:348)\n\tat com.google.cloud.datastore.emulator.impl.firestore.CloudFirestoreV1.internalCommit(CloudFirestoreV1.java:1336)\n\tat com.google.cloud.datastore.emulator.impl.firestore.CloudFirestoreV1.write(CloudFirestoreV1.java:1321)\n\tat com.google.cloud.datastore.emulator.impl.firestore.CloudFirestoreV1WriteStream.handleRequest(CloudFirestoreV1WriteStream.java:222)\n\tat com.google.cloud.datastore.emulator.impl.firestore.CloudFirestoreV1WriteStream.write(CloudFirestoreV1WriteStream.java:144)\n\tat com.google.cloud.datastore.emulator.impl.firestore.CloudFirestoreV1WriteStream.onNext(CloudFirestoreV1WriteStream.java:99)\n\tat com.google.cloud.datastore.emulator.impl.firestore.CloudFirestoreV1WriteStream.onNext(CloudFirestoreV1WriteStream.java:27)\n\tat io.grpc.stub.ServerCalls$StreamingServerCallHandler$StreamingServerCallListener.onMessage(ServerCalls.java:262)\n\tat io.grpc.ForwardingServerCallListener.onMessage(ForwardingServerCallListener.java:33)\n\tat io.grpc.Contexts$ContextualizedServerCallListener.onMessage(Contexts.java:76)\n\tat io.grpc.ForwardingServerCallListener.onMessage(ForwardingServerCallListener.java:33)\n\tat io.grpc.Contexts$ContextualizedServerCallListener.onMessage(Contexts.java:76)\n\tat io.grpc.internal.ServerCallImpl$ServerStreamListenerImpl.messagesAvailableInternal(ServerCallImpl.java:334)\n\tat io.grpc.internal.ServerCallImpl$ServerStreamListenerImpl.messagesAvailable(ServerCallImpl.java:319)\n\tat io.grpc.internal.ServerImpl$JumpToApplicationThreadServerStreamListener$1MessagesAvailable.runInContext(ServerImpl.java:852)\n\tat io.grpc.internal.ContextRunnable.run(ContextRunnable.java:37)\n\tat io.grpc.internal.SerializingExecutor.run(SerializingExecutor.java:133)\n\tat java.base/java.util.concurrent.ThreadPoolExecutor.runWorker(ThreadPoolExecutor.java:1144)\n\tat java.base/java.util.concurrent.ThreadPoolExecutor$Worker.run(ThreadPoolExecutor.java:642)\n\tat java.base/java.lang.Thread.run(Thread.java:1583)\n\n"}}
[debug] [2026-10-07T20:01:29.483Z] Oct 07, 2026 8:01:29 PM com.google.cloud.datastore.emulator.impl.util.WrappedStreamObserver onError
WARNING: Operation failed: 
evaluation error at L133:24 for 'update' @ L133, false for 'update' @ L133
com.google.cloud.datastore.core.exception.DatastoreException: 
evaluation error at L133:24 for 'update' @ L133, false for 'update' @ L133
	at com.google.cloud.datastore.core.exception.DatastoreException$Builder.build(DatastoreException.java:152)
	at com.google.cloud.datastore.emulator.impl.rules.DefaultEmulatorRulesAuthorizer.verboseError(DefaultEmulatorRulesAuthorizer.java:349)
	at com.google.cloud.datastore.emulator.impl.rules.DefaultEmulatorRulesAuthorizer.withVerboseErrors(DefaultEmulatorRulesAuthorizer.java:326)
	at com.google.cloud.datastore.emulator.impl.rules.DefaultEmulatorRulesAuthorizer.checkCommit(DefaultEmulatorRulesAuthorizer.java:113)
	at com.google.cloud.datastore.emulator.impl.firestore.FirestoreEmulatorHelper.commitHelper(FirestoreEmulatorHelper.java:407)
	at com.google.cloud.datastore.emulator.impl.firestore.FirestoreEmulatorHelper.internalCommit(FirestoreEmulatorHelper.java:348)
	at com.google.cloud.datastore.emulator.impl.firestore.CloudFirestoreV1.internalCommit(CloudFirestoreV1.java:1336)
	at com.google.cloud.datastore.emulator.impl.firestore.CloudFirestoreV1.write(CloudFirestoreV1.java:1321)
	at com.google.cloud.datastore.emulator.impl.firestore.CloudFirestoreV1WriteStream.handleRequest(CloudFirestoreV1WriteStream.java:222)
	at com.google.cloud.datastore.emulator.impl.firestore.CloudFirestoreV1WriteStream.write(CloudFirestoreV1WriteStream.java:144)
	at com.google.cloud.datastore.emulator.impl.firestore.CloudFirestoreV1WriteStream.onNext(CloudFirestoreV1WriteStream.java:99)
	at com.google.cloud.datastore.emulator.impl.firestore.CloudFirestoreV1WriteStream.onNext(CloudFirestoreV1WriteStream.java:27)
	at io.grpc.stub.ServerCalls$StreamingServerCallHandler$StreamingServerCallListener.onMessage(ServerCalls.java:262)
	at io.grpc.ForwardingServerCallListener.onMessage(ForwardingServerCallListener.java:33)
	at io.grpc.Contexts$ContextualizedServerCallListener.onMessage(Contexts.java:76)
	at io.grpc.ForwardingServerCallListener.onMessage(ForwardingServerCallListener.java:33)
	at io.grpc.Contexts$ContextualizedServerCallListener.onMessage(Contexts.java:76)
	at io.grpc.internal.ServerCallImpl$ServerStreamListenerImpl.messagesAvailableInternal(ServerCallImpl.java:334)
	at io.grpc.internal.ServerCallImpl$ServerStreamListenerImpl.messagesAvailable(ServerCallImpl.java:319)
	at io.grpc.internal.ServerImpl$JumpToApplicationThreadServerStreamListener$1MessagesAvailable.runInContext(ServerImpl.java:852)
	at io.grpc.internal.ContextRunnable.run(ContextRunnable.java:37)
	at io.grpc.internal.SerializingExecutor.run(SerializingExecutor.java:133)
	at java.base/java.util.concurrent.ThreadPoolExecutor.runWorker(ThreadPoolExecutor.java:1144)
	at java.base/java.util.concurrent.ThreadPoolExecutor$Worker.run(ThreadPoolExecutor.java:642)
	at java.base/java.lang.Thread.run(Thread.java:1583)

 {"metadata":{"emulator":{"name":"firestore"},"message":"Oct 07, 2026 8:01:29 PM com.google.cloud.datastore.emulator.impl.util.WrappedStreamObserver onError\nWARNING: Operation failed: \nevaluation error at L133:24 for 'update' @ L133, false for 'update' @ L133\ncom.google.cloud.datastore.core.exception.DatastoreException: \nevaluation error at L133:24 for 'update' @ L133, false for 'update' @ L133\n\tat com.google.cloud.datastore.core.exception.DatastoreException$Builder.build(DatastoreException.java:152)\n\tat com.google.cloud.datastore.emulator.impl.rules.DefaultEmulatorRulesAuthorizer.verboseError(DefaultEmulatorRulesAuthorizer.java:349)\n\tat com.google.cloud.datastore.emulator.impl.rules.DefaultEmulatorRulesAuthorizer.withVerboseErrors(DefaultEmulatorRulesAuthorizer.java:326)\n\tat com.google.cloud.datastore.emulator.impl.rules.DefaultEmulatorRulesAuthorizer.checkCommit(DefaultEmulatorRulesAuthorizer.java:113)\n\tat com.google.cloud.datastore.emulator.impl.firestore.FirestoreEmulatorHelper.commitHelper(FirestoreEmulatorHelper.java:407)\n\tat com.google.cloud.datastore.emulator.impl.firestore.FirestoreEmulatorHelper.internalCommit(FirestoreEmulatorHelper.java:348)\n\tat com.google.cloud.datastore.emulator.impl.firestore.CloudFirestoreV1.internalCommit(CloudFirestoreV1.java:1336)\n\tat com.google.cloud.datastore.emulator.impl.firestore.CloudFirestoreV1.write(CloudFirestoreV1.java:1321)\n\tat com.google.cloud.datastore.emulator.impl.firestore.CloudFirestoreV1WriteStream.handleRequest(CloudFirestoreV1WriteStream.java:222)\n\tat com.google.cloud.datastore.emulator.impl.firestore.CloudFirestoreV1WriteStream.write(CloudFirestoreV1WriteStream.java:144)\n\tat com.google.cloud.datastore.emulator.impl.firestore.CloudFirestoreV1WriteStream.onNext(CloudFirestoreV1WriteStream.java:99)\n\tat com.google.cloud.datastore.emulator.impl.firestore.CloudFirestoreV1WriteStream.onNext(CloudFirestoreV1WriteStream.java:27)\n\tat io.grpc.stub.ServerCalls$StreamingServerCallHandler$StreamingServerCallListener.onMessage(ServerCalls.java:262)\n\tat io.grpc.ForwardingServerCallListener.onMessage(ForwardingServerCallListener.java:33)\n\tat io.grpc.Contexts$ContextualizedServerCallListener.onMessage(Contexts.java:76)\n\tat io.grpc.ForwardingServerCallListener.onMessage(ForwardingServerCallListener.java:33)\n\tat io.grpc.Contexts$ContextualizedServerCallListener.onMessage(Contexts.java:76)\n\tat io.grpc.internal.ServerCallImpl$ServerStreamListenerImpl.messagesAvailableInternal(ServerCallImpl.java:334)\n\tat io.grpc.internal.ServerCallImpl$ServerStreamListenerImpl.messagesAvailable(ServerCallImpl.java:319)\n\tat io.grpc.internal.ServerImpl$JumpToApplicationThreadServerStreamListener$1MessagesAvailable.runInContext(ServerImpl.java:852)\n\tat io.grpc.internal.ContextRunnable.run(ContextRunnable.java:37)\n\tat io.grpc.internal.SerializingExecutor.run(SerializingExecutor.java:133)\n\tat java.base/java.util.concurrent.ThreadPoolExecutor.runWorker(ThreadPoolExecutor.java:1144)\n\tat java.base/java.util.concurrent.ThreadPoolExecutor$Worker.run(ThreadPoolExecutor.java:642)\n\tat java.base/java.lang.Thread.run(Thread.java:1583)\n\n"}}
[debug] [2026-10-07T20:01:29.499Z] Oct 07, 2026 8:01:29 PM com.google.cloud.datastore.emulator.impl.util.WrappedStreamObserver onError
WARNING: Operation failed: 
evaluation error at L256:24 for 'create' @ L256, evaluation error at L262:24 for 'update' @ L262, false for 'create' @ L256
com.google.cloud.datastore.core.exception.DatastoreException: 
evaluation error at L256:24 for 'create' @ L256, evaluation error at L262:24 for 'update' @ L262, false for 'create' @ L256
	at com.google.cloud.datastore.core.exception.DatastoreException$Builder.build(DatastoreException.java:152)
	at com.google.cloud.datastore.emulator.impl.rules.DefaultEmulatorRulesAuthorizer.verboseError(DefaultEmulatorRulesAuthorizer.java:349)
	at com.google.cloud.datastore.emulator.impl.rules.DefaultEmulatorRulesAuthorizer.withVerboseErrors(DefaultEmulatorRulesAuthorizer.java:326)
	at com.google.cloud.datastore.emulator.impl.rules.DefaultEmulatorRulesAuthorizer.checkCommit(DefaultEmulatorRulesAuthorizer.java:113)
	at com.google.cloud.datastore.emulator.impl.firestore.FirestoreEmulatorHelper.commitHelper(FirestoreEmulatorHelper.java:407)
	at com.google.cloud.datastore.emulator.impl.firestore.FirestoreEmulatorHelper.internalCommit(FirestoreEmulatorHelper.java:348)
	at com.google.cloud.datastore.emulator.impl.firestore.CloudFirestoreV1.internalCommit(CloudFirestoreV1.java:1336)
	at com.google.cloud.datastore.emulator.impl.firestore.CloudFirestoreV1.write(CloudFirestoreV1.java:1321)
	at com.google.cloud.datastore.emulator.impl.firestore.CloudFirestoreV1WriteStream.handleRequest(CloudFirestoreV1WriteStream.java:222)
	at com.google.cloud.datastore.emulator.impl.firestore.CloudFirestoreV1WriteStream.write(CloudFirestoreV1WriteStream.java:144)
	at com.google.cloud.datastore.emulator.impl.firestore.CloudFirestoreV1WriteStream.onNext(CloudFirestoreV1WriteStream.java:99)
	at com.google.cloud.datastore.emulator.impl.firestore.CloudFirestoreV1WriteStream.onNext(CloudFirestoreV1WriteStream.java:27)
	at io.grpc.stub.ServerCalls$StreamingServerCallHandler$StreamingServerCallListener.onMessage(ServerCalls.java:262)
	at io.grpc.ForwardingServerCallListener.onMessage(ForwardingServerCallListener.java:33)
	at io.grpc.Contexts$ContextualizedServerCallListener.onMessage(Contexts.java:76)
	at io.grpc.ForwardingServerCallListener.onMessage(ForwardingServerCallListener.java:33)
	at io.grpc.Contexts$ContextualizedServerCallListener.onMessage(Contexts.java:76)
	at io.grpc.internal.ServerCallImpl$ServerStreamListenerImpl.messagesAvailableInternal(ServerCallImpl.java:334)
	at io.grpc.internal.ServerCallImpl$ServerStreamListenerImpl.messagesAvailable(ServerCallImpl.java:319)
	at io.grpc.internal.ServerImpl$JumpToApplicationThreadServerStreamListener$1MessagesAvailable.runInContext(ServerImpl.java:852)
	at io.grpc.internal.ContextRunnable.run(ContextRunnable.java:37)
	at io.grpc.internal.SerializingExecutor.run(SerializingExecutor.java:133)
	at java.base/java.util.concurrent.ThreadPoolExecutor.runWorker(ThreadPoolExecutor.java:1144)
	at java.base/java.util.concurrent.ThreadPoolExecutor$Worker.run(ThreadPoolExecutor.java:642)
	at java.base/java.lang.Thread.run(Thread.java:1583)

 {"metadata":{"emulator":{"name":"firestore"},"message":"Oct 07, 2026 8:01:29 PM com.google.cloud.datastore.emulator.impl.util.WrappedStreamObserver onError\nWARNING: Operation failed: \nevaluation error at L256:24 for 'create' @ L256, evaluation error at L262:24 for 'update' @ L262, false for 'create' @ L256\ncom.google.cloud.datastore.core.exception.DatastoreException: \nevaluation error at L256:24 for 'create' @ L256, evaluation error at L262:24 for 'update' @ L262, false for 'create' @ L256\n\tat com.google.cloud.datastore.core.exception.DatastoreException$Builder.build(DatastoreException.java:152)\n\tat com.google.cloud.datastore.emulator.impl.rules.DefaultEmulatorRulesAuthorizer.verboseError(DefaultEmulatorRulesAuthorizer.java:349)\n\tat com.google.cloud.datastore.emulator.impl.rules.DefaultEmulatorRulesAuthorizer.withVerboseErrors(DefaultEmulatorRulesAuthorizer.java:326)\n\tat com.google.cloud.datastore.emulator.impl.rules.DefaultEmulatorRulesAuthorizer.checkCommit(DefaultEmulatorRulesAuthorizer.java:113)\n\tat com.google.cloud.datastore.emulator.impl.firestore.FirestoreEmulatorHelper.commitHelper(FirestoreEmulatorHelper.java:407)\n\tat com.google.cloud.datastore.emulator.impl.firestore.FirestoreEmulatorHelper.internalCommit(FirestoreEmulatorHelper.java:348)\n\tat com.google.cloud.datastore.emulator.impl.firestore.CloudFirestoreV1.internalCommit(CloudFirestoreV1.java:1336)\n\tat com.google.cloud.datastore.emulator.impl.firestore.CloudFirestoreV1.write(CloudFirestoreV1.java:1321)\n\tat com.google.cloud.datastore.emulator.impl.firestore.CloudFirestoreV1WriteStream.handleRequest(CloudFirestoreV1WriteStream.java:222)\n\tat com.google.cloud.datastore.emulator.impl.firestore.CloudFirestoreV1WriteStream.write(CloudFirestoreV1WriteStream.java:144)\n\tat com.google.cloud.datastore.emulator.impl.firestore.CloudFirestoreV1WriteStream.onNext(CloudFirestoreV1WriteStream.java:99)\n\tat com.google.cloud.datastore.emulator.impl.firestore.CloudFirestoreV1WriteStream.onNext(CloudFirestoreV1WriteStream.java:27)\n\tat io.grpc.stub.ServerCalls$StreamingServerCallHandler$StreamingServerCallListener.onMessage(ServerCalls.java:262)\n\tat io.grpc.ForwardingServerCallListener.onMessage(ForwardingServerCallListener.java:33)\n\tat io.grpc.Contexts$ContextualizedServerCallListener.onMessage(Contexts.java:76)\n\tat io.grpc.ForwardingServerCallListener.onMessage(ForwardingServerCallListener.java:33)\n\tat io.grpc.Contexts$ContextualizedServerCallListener.onMessage(Contexts.java:76)\n\tat io.grpc.internal.ServerCallImpl$ServerStreamListenerImpl.messagesAvailableInternal(ServerCallImpl.java:334)\n\tat io.grpc.internal.ServerCallImpl$ServerStreamListenerImpl.messagesAvailable(ServerCallImpl.java:319)\n\tat io.grpc.internal.ServerImpl$JumpToApplicationThreadServerStreamListener$1MessagesAvailable.runInContext(ServerImpl.java:852)\n\tat io.grpc.internal.ContextRunnable.run(ContextRunnable.java:37)\n\tat io.grpc.internal.SerializingExecutor.run(SerializingExecutor.java:133)\n\tat java.base/java.util.concurrent.ThreadPoolExecutor.runWorker(ThreadPoolExecutor.java:1144)\n\tat java.base/java.util.concurrent.ThreadPoolExecutor$Worker.run(ThreadPoolExecutor.java:642)\n\tat java.base/java.lang.Thread.run(Thread.java:1583)\n\n"}}
[debug] [2026-10-07T20:01:45.602Z] Oct 07, 2026 8:01:45 PM io.gapi.emulators.netty.HttpVersionRoutingHandler channelRead
INFO: Detected non-HTTP/2 connection.
 {"metadata":{"emulator":{"name":"firestore"},"message":"Oct 07, 2026 8:01:45 PM io.gapi.emulators.netty.HttpVersionRoutingHandler channelRead\nINFO: Detected non-HTTP/2 connection.\n"}}
[debug] [2026-10-07T20:01:45.905Z] Oct 07, 2026 8:01:45 PM io.gapi.emulators.netty.HttpVersionRoutingHandler channelRead
INFO: Detected HTTP/2 connection.
 {"metadata":{"emulator":{"name":"firestore"},"message":"Oct 07, 2026 8:01:45 PM io.gapi.emulators.netty.HttpVersionRoutingHandler channelRead\nINFO: Detected HTTP/2 connection.\n"}}
[debug] [2026-10-07T20:01:45.989Z] Oct 07, 2026 8:01:45 PM io.gapi.emulators.netty.HttpVersionRoutingHandler channelRead
INFO: Detected HTTP/2 connection.
 {"metadata":{"emulator":{"name":"firestore"},"message":"Oct 07, 2026 8:01:45 PM io.gapi.emulators.netty.HttpVersionRoutingHandler channelRead\nINFO: Detected HTTP/2 connection.\n"}}
[debug] [2026-10-07T20:01:46.084Z] Oct 07, 2026 8:01:46 PM com.google.cloud.datastore.emulator.impl.util.WrappedStreamObserver onError
WARNING: Operation failed: 
false for 'create' @ L111, evaluation error at L133:24 for 'update' @ L133, false for 'create' @ L111
com.google.cloud.datastore.core.exception.DatastoreException: 
false for 'create' @ L111, evaluation error at L133:24 for 'update' @ L133, false for 'create' @ L111
	at com.google.cloud.datastore.core.exception.DatastoreException$Builder.build(DatastoreException.java:152)
	at com.google.cloud.datastore.emulator.impl.rules.DefaultEmulatorRulesAuthorizer.verboseError(DefaultEmulatorRulesAuthorizer.java:349)
	at com.google.cloud.datastore.emulator.impl.rules.DefaultEmulatorRulesAuthorizer.withVerboseErrors(DefaultEmulatorRulesAuthorizer.java:326)
	at com.google.cloud.datastore.emulator.impl.rules.DefaultEmulatorRulesAuthorizer.checkCommit(DefaultEmulatorRulesAuthorizer.java:113)
	at com.google.cloud.datastore.emulator.impl.firestore.FirestoreEmulatorHelper.commitHelper(FirestoreEmulatorHelper.java:407)
	at com.google.cloud.datastore.emulator.impl.firestore.FirestoreEmulatorHelper.internalCommit(FirestoreEmulatorHelper.java:348)
	at com.google.cloud.datastore.emulator.impl.firestore.CloudFirestoreV1.internalCommit(CloudFirestoreV1.java:1336)
	at com.google.cloud.datastore.emulator.impl.firestore.CloudFirestoreV1.write(CloudFirestoreV1.java:1321)
	at com.google.cloud.datastore.emulator.impl.firestore.CloudFirestoreV1WriteStream.handleRequest(CloudFirestoreV1WriteStream.java:222)
	at com.google.cloud.datastore.emulator.impl.firestore.CloudFirestoreV1WriteStream.write(CloudFirestoreV1WriteStream.java:144)
	at com.google.cloud.datastore.emulator.impl.firestore.CloudFirestoreV1WriteStream.onNext(CloudFirestoreV1WriteStream.java:99)
	at com.google.cloud.datastore.emulator.impl.firestore.CloudFirestoreV1WriteStream.onNext(CloudFirestoreV1WriteStream.java:27)
	at io.grpc.stub.ServerCalls$StreamingServerCallHandler$StreamingServerCallListener.onMessage(ServerCalls.java:262)
	at io.grpc.ForwardingServerCallListener.onMessage(ForwardingServerCallListener.java:33)
	at io.grpc.Contexts$ContextualizedServerCallListener.onMessage(Contexts.java:76)
	at io.grpc.ForwardingServerCallListener.onMessage(ForwardingServerCallListener.java:33)
	at io.grpc.Contexts$ContextualizedServerCallListener.onMessage(Contexts.java:76)
	at io.grpc.internal.ServerCallImpl$ServerStreamListenerImpl.messagesAvailableInternal(ServerCallImpl.java:334)
	at io.grpc.internal.ServerCallImpl$ServerStreamListenerImpl.messagesAvailable(ServerCallImpl.java:319)
	at io.grpc.internal.ServerImpl$JumpToApplicationThreadServerStreamListener$1MessagesAvailable.runInContext(ServerImpl.java:852)
	at io.grpc.internal.ContextRunnable.run(ContextRunnable.java:37)
	at io.grpc.internal.SerializingExecutor.run(SerializingExecutor.java:133)
	at java.base/java.util.concurrent.ThreadPoolExecutor.runWorker(ThreadPoolExecutor.java:1144)
	at java.base/java.util.concurrent.ThreadPoolExecutor$Worker.run(ThreadPoolExecutor.java:642)
	at java.base/java.lang.Thread.run(Thread.java:1583)

 {"metadata":{"emulator":{"name":"firestore"},"message":"Oct 07, 2026 8:01:46 PM com.google.cloud.datastore.emulator.impl.util.WrappedStreamObserver onError\nWARNING: Operation failed: \nfalse for 'create' @ L111, evaluation error at L133:24 for 'update' @ L133, false for 'create' @ L111\ncom.google.cloud.datastore.core.exception.DatastoreException: \nfalse for 'create' @ L111, evaluation error at L133:24 for 'update' @ L133, false for 'create' @ L111\n\tat com.google.cloud.datastore.core.exception.DatastoreException$Builder.build(DatastoreException.java:152)\n\tat com.google.cloud.datastore.emulator.impl.rules.DefaultEmulatorRulesAuthorizer.verboseError(DefaultEmulatorRulesAuthorizer.java:349)\n\tat com.google.cloud.datastore.emulator.impl.rules.DefaultEmulatorRulesAuthorizer.withVerboseErrors(DefaultEmulatorRulesAuthorizer.java:326)\n\tat com.google.cloud.datastore.emulator.impl.rules.DefaultEmulatorRulesAuthorizer.checkCommit(DefaultEmulatorRulesAuthorizer.java:113)\n\tat com.google.cloud.datastore.emulator.impl.firestore.FirestoreEmulatorHelper.commitHelper(FirestoreEmulatorHelper.java:407)\n\tat com.google.cloud.datastore.emulator.impl.firestore.FirestoreEmulatorHelper.internalCommit(FirestoreEmulatorHelper.java:348)\n\tat com.google.cloud.datastore.emulator.impl.firestore.CloudFirestoreV1.internalCommit(CloudFirestoreV1.java:1336)\n\tat com.google.cloud.datastore.emulator.impl.firestore.CloudFirestoreV1.write(CloudFirestoreV1.java:1321)\n\tat com.google.cloud.datastore.emulator.impl.firestore.CloudFirestoreV1WriteStream.handleRequest(CloudFirestoreV1WriteStream.java:222)\n\tat com.google.cloud.datastore.emulator.impl.firestore.CloudFirestoreV1WriteStream.write(CloudFirestoreV1WriteStream.java:144)\n\tat com.google.cloud.datastore.emulator.impl.firestore.CloudFirestoreV1WriteStream.onNext(CloudFirestoreV1WriteStream.java:99)\n\tat com.google.cloud.datastore.emulator.impl.firestore.CloudFirestoreV1WriteStream.onNext(CloudFirestoreV1WriteStream.java:27)\n\tat io.grpc.stub.ServerCalls$StreamingServerCallHandler$StreamingServerCallListener.onMessage(ServerCalls.java:262)\n\tat io.grpc.ForwardingServerCallListener.onMessage(ForwardingServerCallListener.java:33)\n\tat io.grpc.Contexts$ContextualizedServerCallListener.onMessage(Contexts.java:76)\n\tat io.grpc.ForwardingServerCallListener.onMessage(ForwardingServerCallListener.java:33)\n\tat io.grpc.Contexts$ContextualizedServerCallListener.onMessage(Contexts.java:76)\n\tat io.grpc.internal.ServerCallImpl$ServerStreamListenerImpl.messagesAvailableInternal(ServerCallImpl.java:334)\n\tat io.grpc.internal.ServerCallImpl$ServerStreamListenerImpl.messagesAvailable(ServerCallImpl.java:319)\n\tat io.grpc.internal.ServerImpl$JumpToApplicationThreadServerStreamListener$1MessagesAvailable.runInContext(ServerImpl.java:852)\n\tat io.grpc.internal.ContextRunnable.run(ContextRunnable.java:37)\n\tat io.grpc.internal.SerializingExecutor.run(SerializingExecutor.java:133)\n\tat java.base/java.util.concurrent.ThreadPoolExecutor.runWorker(ThreadPoolExecutor.java:1144)\n\tat java.base/java.util.concurrent.ThreadPoolExecutor$Worker.run(ThreadPoolExecutor.java:642)\n\tat java.base/java.lang.Thread.run(Thread.java:1583)\n\n"}}
[debug] [2026-10-07T20:01:46.119Z] Oct 07, 2026 8:01:46 PM com.google.cloud.datastore.emulator.impl.util.WrappedStreamObserver onError
WARNING: Operation failed: 
evaluation error at L133:24 for 'update' @ L133, false for 'update' @ L133
com.google.cloud.datastore.core.exception.DatastoreException: 
evaluation error at L133:24 for 'update' @ L133, false for 'update' @ L133
	at com.google.cloud.datastore.core.exception.DatastoreException$Builder.build(DatastoreException.java:152)
	at com.google.cloud.datastore.emulator.impl.rules.DefaultEmulatorRulesAuthorizer.verboseError(DefaultEmulatorRulesAuthorizer.java:349)
	at com.google.cloud.datastore.emulator.impl.rules.DefaultEmulatorRulesAuthorizer.withVerboseErrors(DefaultEmulatorRulesAuthorizer.java:326)
	at com.google.cloud.datastore.emulator.impl.rules.DefaultEmulatorRulesAuthorizer.checkCommit(DefaultEmulatorRulesAuthorizer.java:113)
	at com.google.cloud.datastore.emulator.impl.firestore.FirestoreEmulatorHelper.commitHelper(FirestoreEmulatorHelper.java:407)
	at com.google.cloud.datastore.emulator.impl.firestore.FirestoreEmulatorHelper.internalCommit(FirestoreEmulatorHelper.java:348)
	at com.google.cloud.datastore.emulator.impl.firestore.CloudFirestoreV1.internalCommit(CloudFirestoreV1.java:1336)
	at com.google.cloud.datastore.emulator.impl.firestore.CloudFirestoreV1.write(CloudFirestoreV1.java:1321)
	at com.google.cloud.datastore.emulator.impl.firestore.CloudFirestoreV1WriteStream.handleRequest(CloudFirestoreV1WriteStream.java:222)
	at com.google.cloud.datastore.emulator.impl.firestore.CloudFirestoreV1WriteStream.write(CloudFirestoreV1WriteStream.java:144)
	at com.google.cloud.datastore.emulator.impl.firestore.CloudFirestoreV1WriteStream.onNext(CloudFirestoreV1WriteStream.java:99)
	at com.google.cloud.datastore.emulator.impl.firestore.CloudFirestoreV1WriteStream.onNext(CloudFirestoreV1WriteStream.java:27)
	at io.grpc.stub.ServerCalls$StreamingServerCallHandler$StreamingServerCallListener.onMessage(ServerCalls.java:262)
	at io.grpc.ForwardingServerCallListener.onMessage(ForwardingServerCallListener.java:33)
	at io.grpc.Contexts$ContextualizedServerCallListener.onMessage(Contexts.java:76)
	at io.grpc.ForwardingServerCallListener.onMessage(ForwardingServerCallListener.java:33)
	at io.grpc.Contexts$ContextualizedServerCallListener.onMessage(Contexts.java:76)
	at io.grpc.internal.ServerCallImpl$ServerStreamListenerImpl.messagesAvailableInternal(ServerCallImpl.java:334)
	at io.grpc.internal.ServerCallImpl$ServerStreamListenerImpl.messagesAvailable(ServerCallImpl.java:319)
	at io.grpc.internal.ServerImpl$JumpToApplicationThreadServerStreamListener$1MessagesAvailable.runInContext(ServerImpl.java:852)
	at io.grpc.internal.ContextRunnable.run(ContextRunnable.java:37)
	at io.grpc.internal.SerializingExecutor.run(SerializingExecutor.java:133)
	at java.base/java.util.concurrent.ThreadPoolExecutor.runWorker(ThreadPoolExecutor.java:1144)
	at java.base/java.util.concurrent.ThreadPoolExecutor$Worker.run(ThreadPoolExecutor.java:642)
	at java.base/java.lang.Thread.run(Thread.java:1583)

 {"metadata":{"emulator":{"name":"firestore"},"message":"Oct 07, 2026 8:01:46 PM com.google.cloud.datastore.emulator.impl.util.WrappedStreamObserver onError\nWARNING: Operation failed: \nevaluation error at L133:24 for 'update' @ L133, false for 'update' @ L133\ncom.google.cloud.datastore.core.exception.DatastoreException: \nevaluation error at L133:24 for 'update' @ L133, false for 'update' @ L133\n\tat com.google.cloud.datastore.core.exception.DatastoreException$Builder.build(DatastoreException.java:152)\n\tat com.google.cloud.datastore.emulator.impl.rules.DefaultEmulatorRulesAuthorizer.verboseError(DefaultEmulatorRulesAuthorizer.java:349)\n\tat com.google.cloud.datastore.emulator.impl.rules.DefaultEmulatorRulesAuthorizer.withVerboseErrors(DefaultEmulatorRulesAuthorizer.java:326)\n\tat com.google.cloud.datastore.emulator.impl.rules.DefaultEmulatorRulesAuthorizer.checkCommit(DefaultEmulatorRulesAuthorizer.java:113)\n\tat com.google.cloud.datastore.emulator.impl.firestore.FirestoreEmulatorHelper.commitHelper(FirestoreEmulatorHelper.java:407)\n\tat com.google.cloud.datastore.emulator.impl.firestore.FirestoreEmulatorHelper.internalCommit(FirestoreEmulatorHelper.java:348)\n\tat com.google.cloud.datastore.emulator.impl.firestore.CloudFirestoreV1.internalCommit(CloudFirestoreV1.java:1336)\n\tat com.google.cloud.datastore.emulator.impl.firestore.CloudFirestoreV1.write(CloudFirestoreV1.java:1321)\n\tat com.google.cloud.datastore.emulator.impl.firestore.CloudFirestoreV1WriteStream.handleRequest(CloudFirestoreV1WriteStream.java:222)\n\tat com.google.cloud.datastore.emulator.impl.firestore.CloudFirestoreV1WriteStream.write(CloudFirestoreV1WriteStream.java:144)\n\tat com.google.cloud.datastore.emulator.impl.firestore.CloudFirestoreV1WriteStream.onNext(CloudFirestoreV1WriteStream.java:99)\n\tat com.google.cloud.datastore.emulator.impl.firestore.CloudFirestoreV1WriteStream.onNext(CloudFirestoreV1WriteStream.java:27)\n\tat io.grpc.stub.ServerCalls$StreamingServerCallHandler$StreamingServerCallListener.onMessage(ServerCalls.java:262)\n\tat io.grpc.ForwardingServerCallListener.onMessage(ForwardingServerCallListener.java:33)\n\tat io.grpc.Contexts$ContextualizedServerCallListener.onMessage(Contexts.java:76)\n\tat io.grpc.ForwardingServerCallListener.onMessage(ForwardingServerCallListener.java:33)\n\tat io.grpc.Contexts$ContextualizedServerCallListener.onMessage(Contexts.java:76)\n\tat io.grpc.internal.ServerCallImpl$ServerStreamListenerImpl.messagesAvailableInternal(ServerCallImpl.java:334)\n\tat io.grpc.internal.ServerCallImpl$ServerStreamListenerImpl.messagesAvailable(ServerCallImpl.java:319)\n\tat io.grpc.internal.ServerImpl$JumpToApplicationThreadServerStreamListener$1MessagesAvailable.runInContext(ServerImpl.java:852)\n\tat io.grpc.internal.ContextRunnable.run(ContextRunnable.java:37)\n\tat io.grpc.internal.SerializingExecutor.run(SerializingExecutor.java:133)\n\tat java.base/java.util.concurrent.ThreadPoolExecutor.runWorker(ThreadPoolExecutor.java:1144)\n\tat java.base/java.util.concurrent.ThreadPoolExecutor$Worker.run(ThreadPoolExecutor.java:642)\n\tat java.base/java.lang.Thread.run(Thread.java:1583)\n\n"}}
[debug] [2026-10-07T20:01:46.135Z] Oct 07, 2026 8:01:46 PM com.google.cloud.datastore.emulator.impl.util.WrappedStreamObserver onError
WARNING: Operation failed: 
evaluation error at L256:24 for 'create' @ L256, evaluation error at L262:24 for 'update' @ L262, false for 'create' @ L256
com.google.cloud.datastore.core.exception.DatastoreException: 
evaluation error at L256:24 for 'create' @ L256, evaluation error at L262:24 for 'update' @ L262, false for 'create' @ L256
	at com.google.cloud.datastore.core.exception.DatastoreException$Builder.build(DatastoreException.java:152)
	at com.google.cloud.datastore.emulator.impl.rules.DefaultEmulatorRulesAuthorizer.verboseError(DefaultEmulatorRulesAuthorizer.java:349)
	at com.google.cloud.datastore.emulator.impl.rules.DefaultEmulatorRulesAuthorizer.withVerboseErrors(DefaultEmulatorRulesAuthorizer.java:326)
	at com.google.cloud.datastore.emulator.impl.rules.DefaultEmulatorRulesAuthorizer.checkCommit(DefaultEmulatorRulesAuthorizer.java:113)
	at com.google.cloud.datastore.emulator.impl.firestore.FirestoreEmulatorHelper.commitHelper(FirestoreEmulatorHelper.java:407)
	at com.google.cloud.datastore.emulator.impl.firestore.FirestoreEmulatorHelper.internalCommit(FirestoreEmulatorHelper.java:348)
	at com.google.cloud.datastore.emulator.impl.firestore.CloudFirestoreV1.internalCommit(CloudFirestoreV1.java:1336)
	at com.google.cloud.datastore.emulator.impl.firestore.CloudFirestoreV1.write(CloudFirestoreV1.java:1321)
	at com.google.cloud.datastore.emulator.impl.firestore.CloudFirestoreV1WriteStream.handleRequest(CloudFirestoreV1WriteStream.java:222)
	at com.google.cloud.datastore.emulator.impl.firestore.CloudFirestoreV1WriteStream.write(CloudFirestoreV1WriteStream.java:144)
	at com.google.cloud.datastore.emulator.impl.firestore.CloudFirestoreV1WriteStream.onNext(CloudFirestoreV1WriteStream.java:99)
	at com.google.cloud.datastore.emulator.impl.firestore.CloudFirestoreV1WriteStream.onNext(CloudFirestoreV1WriteStream.java:27)
	at io.grpc.stub.ServerCalls$StreamingServerCallHandler$StreamingServerCallListener.onMessage(ServerCalls.java:262)
	at io.grpc.ForwardingServerCallListener.onMessage(ForwardingServerCallListener.java:33)
	at io.grpc.Contexts$ContextualizedServerCallListener.onMessage(Contexts.java:76)
	at io.grpc.ForwardingServerCallListener.onMessage(ForwardingServerCallListener.java:33)
	at io.grpc.Contexts$ContextualizedServerCallListener.onMessage(Contexts.java:76)
	at io.grpc.internal.ServerCallImpl$ServerStreamListenerImpl.messagesAvailableInternal(ServerCallImpl.java:334)
	at io.grpc.internal.ServerCallImpl$ServerStreamListenerImpl.messagesAvailable(ServerCallImpl.java:319)
	at io.grpc.internal.ServerImpl$JumpToApplicationThreadServerStreamListener$1MessagesAvailable.runInContext(ServerImpl.java:852)
	at io.grpc.internal.ContextRunnable.run(ContextRunnable.java:37)
	at io.grpc.internal.SerializingExecutor.run(SerializingExecutor.java:133)
	at java.base/java.util.concurrent.ThreadPoolExecutor.runWorker(ThreadPoolExecutor.java:1144)
	at java.base/java.util.concurrent.ThreadPoolExecutor$Worker.run(ThreadPoolExecutor.java:642)
	at java.base/java.lang.Thread.run(Thread.java:1583)

 {"metadata":{"emulator":{"name":"firestore"},"message":"Oct 07, 2026 8:01:46 PM com.google.cloud.datastore.emulator.impl.util.WrappedStreamObserver onError\nWARNING: Operation failed: \nevaluation error at L256:24 for 'create' @ L256, evaluation error at L262:24 for 'update' @ L262, false for 'create' @ L256\ncom.google.cloud.datastore.core.exception.DatastoreException: \nevaluation error at L256:24 for 'create' @ L256, evaluation error at L262:24 for 'update' @ L262, false for 'create' @ L256\n\tat com.google.cloud.datastore.core.exception.DatastoreException$Builder.build(DatastoreException.java:152)\n\tat com.google.cloud.datastore.emulator.impl.rules.DefaultEmulatorRulesAuthorizer.verboseError(DefaultEmulatorRulesAuthorizer.java:349)\n\tat com.google.cloud.datastore.emulator.impl.rules.DefaultEmulatorRulesAuthorizer.withVerboseErrors(DefaultEmulatorRulesAuthorizer.java:326)\n\tat com.google.cloud.datastore.emulator.impl.rules.DefaultEmulatorRulesAuthorizer.checkCommit(DefaultEmulatorRulesAuthorizer.java:113)\n\tat com.google.cloud.datastore.emulator.impl.firestore.FirestoreEmulatorHelper.commitHelper(FirestoreEmulatorHelper.java:407)\n\tat com.google.cloud.datastore.emulator.impl.firestore.FirestoreEmulatorHelper.internalCommit(FirestoreEmulatorHelper.java:348)\n\tat com.google.cloud.datastore.emulator.impl.firestore.CloudFirestoreV1.internalCommit(CloudFirestoreV1.java:1336)\n\tat com.google.cloud.datastore.emulator.impl.firestore.CloudFirestoreV1.write(CloudFirestoreV1.java:1321)\n\tat com.google.cloud.datastore.emulator.impl.firestore.CloudFirestoreV1WriteStream.handleRequest(CloudFirestoreV1WriteStream.java:222)\n\tat com.google.cloud.datastore.emulator.impl.firestore.CloudFirestoreV1WriteStream.write(CloudFirestoreV1WriteStream.java:144)\n\tat com.google.cloud.datastore.emulator.impl.firestore.CloudFirestoreV1WriteStream.onNext(CloudFirestoreV1WriteStream.java:99)\n\tat com.google.cloud.datastore.emulator.impl.firestore.CloudFirestoreV1WriteStream.onNext(CloudFirestoreV1WriteStream.java:27)\n\tat io.grpc.stub.ServerCalls$StreamingServerCallHandler$StreamingServerCallListener.onMessage(ServerCalls.java:262)\n\tat io.grpc.ForwardingServerCallListener.onMessage(ForwardingServerCallListener.java:33)\n\tat io.grpc.Contexts$ContextualizedServerCallListener.onMessage(Contexts.java:76)\n\tat io.grpc.ForwardingServerCallListener.onMessage(ForwardingServerCallListener.java:33)\n\tat io.grpc.Contexts$ContextualizedServerCallListener.onMessage(Contexts.java:76)\n\tat io.grpc.internal.ServerCallImpl$ServerStreamListenerImpl.messagesAvailableInternal(ServerCallImpl.java:334)\n\tat io.grpc.internal.ServerCallImpl$ServerStreamListenerImpl.messagesAvailable(ServerCallImpl.java:319)\n\tat io.grpc.internal.ServerImpl$JumpToApplicationThreadServerStreamListener$1MessagesAvailable.runInContext(ServerImpl.java:852)\n\tat io.grpc.internal.ContextRunnable.run(ContextRunnable.java:37)\n\tat io.grpc.internal.SerializingExecutor.run(SerializingExecutor.java:133)\n\tat java.base/java.util.concurrent.ThreadPoolExecutor.runWorker(ThreadPoolExecutor.java:1144)\n\tat java.base/java.util.concurrent.ThreadPoolExecutor$Worker.run(ThreadPoolExecutor.java:642)\n\tat java.base/java.lang.Thread.run(Thread.java:1583)\n\n"}}
[info] i  firestore: Change detected, updating rules... 
[debug] [2026-10-07T20:02:03.830Z] >>> [apiv2][query] PUT http://127.0.0.1:8080/emulator/v1/projects/demo-es-chat:securityRules [none]
[debug] [2026-10-07T20:02:03.830Z] >>> [apiv2][body] PUT http://127.0.0.1:8080/emulator/v1/projects/demo-es-chat:securityRules {"ignore_errors":true,"rules":{"files":[{"name":"security.rules","content":"rules_version = '2';\nservice cloud.firestore {\n  match /databases/{db}/documents {\n\n    function signedIn() { return request.auth != null; }\n    function isOwner() {\n      return signedIn()\n        && request.auth.token.email == 'moreand458@gmail.com'\n        && request.auth.token.email_verified == true;\n    }\n    function notBanned() {\n      return !(exists(/databases/$(db)/documents/users/$(request.auth.uid))\n        && get(/databases/$(db)/documents/users/$(request.auth.uid)).data.get('banned', false) == true);\n    }\n    function siteFlag(k) {\n      return !exists(/databases/$(db)/documents/settings/site)\n        || get(/databases/$(db)/documents/settings/site).data.get(k, true) != false;\n    }\n    function validProfile(d) {\n      return d.get('name', 'x').size() >= 1 && d.get('name', 'x').size() <= 40\n        && d.get('bio', '').size() <= 160\n        && d.get('photo', '').size() < 150000\n        && d.get('gender', 'male') in ['male', 'female'];\n    }\n\n    // ---------- المستخدمون ----------\n    match /users/{uid} {\n      allow get: if signedIn() && (request.auth.uid == uid || isOwner());\n      allow list: if isOwner();\n      allow create: if isOwner() && request.auth.uid == uid\n        || (signedIn() && request.auth.uid == uid && siteFlag('registrationOpen')\n            && request.resource.data.keys().hasOnly(['uid','name','createdAt','lastLogin','loginCount','onboarded'])\n            && validProfile(request.resource.data));\n      allow update: if isOwner()\n        || (signedIn() && request.auth.uid == uid\n            && request.resource.data.diff(resource.data).affectedKeys()\n                 .hasOnly(['name','photo','gender','bio','username','lastLogin','loginCount','onboarded','lastSeen','hideLastSeen','readReceipts','noAdd'])\n            && (!('username' in request.resource.data.diff(resource.data).affectedKeys())\n                || resource.data.get('username', '') == '')\n            && validProfile(request.resource.data));\n      allow delete: if isOwner();\n    }\n\n    match /users/{uid}/public/{d} {\n      allow get: if signedIn();\n      allow list: if isOwner();\n      allow create, update: if signedIn() && (request.auth.uid == uid || isOwner())\n        && request.resource.data.keys().hasOnly(['uid','name','photo','gender','bio','username','hideLastSeen','lastSeen','verified'])\n        && request.resource.data.uid == uid && validProfile(request.resource.data);\n      allow delete: if signedIn() && request.auth.uid == uid;\n    }\n\n    match /users/{uid}/private/{d} {\n      allow read, write: if signedIn() && (request.auth.uid == uid || isOwner());\n    }\n\n    match /users/{uid}/data/{d} {\n      allow read, write: if signedIn() && request.auth.uid == uid;\n    }\n\n    match /users/{uid}/tokens/{t} {\n      allow read, write: if signedIn() && request.auth.uid == uid;\n    }\n\n    // مفاتيح عامة للمرحلة الأولى من التشفير: لا يوجد أي private key هنا.\n    match /users/{uid}/crypto/{deviceId} {\n      allow get, list: if signedIn();\n      allow create, update: if signedIn() && request.auth.uid == uid\n        && request.resource.data.keys().hasOnly(['deviceId','identityDHPublic','identitySignPublic','signedPreKeyPublic','signedPreKeySignature','preKeysPublic','protocol'])\n        && request.resource.data.deviceId == deviceId\n        && request.resource.data.preKeysPublic is list\n        && request.resource.data.preKeysPublic.size() <= 100\n        && request.resource.data.protocol == 'e2ee-foundation-p256-v1';\n      allow delete: if signedIn() && request.auth.uid == uid;\n    }\n\n    match /settings/{d} {\n      allow read: if signedIn();\n      allow write: if isOwner();\n    }\n\n    // ---------- أسماء المستخدمين (فريدة) ----------\n    match /usernames/{u} {\n      allow get: if signedIn();\n      allow list: if isOwner();\n      allow create: if signedIn()\n        && u.matches('^[a-z0-9_]{3,20}$')\n        && request.resource.data.keys().hasOnly(['uid'])\n        && request.resource.data.uid == request.auth.uid;\n      allow delete: if isOwner();\n    }\n\n    // ---------- المحادثات (public = الغرفة العامة، والخاصة id = uid1_uid2) ----------\n    match /chats/{chatId} {\n      function inId() { return signedIn() && (chatId.split('_')[0] == request.auth.uid || chatId.split('_')[1] == request.auth.uid); }\n      allow get: if inId();\n      allow list: if signedIn() && request.auth.uid in resource.data.members;\n      allow create: if inId() && notBanned()\n        && request.resource.data.keys().hasOnly(['members','lastText','lastAt','lastUid','typing','read','ttl'])\n        && request.resource.data.members.size() == 2\n        && request.auth.uid in request.resource.data.members\n        && chatId == request.resource.data.members[0] + '_' + request.resource.data.members[1];\n      allow update: if inId() && notBanned()\n        && request.resource.data.diff(resource.data).affectedKeys().hasOnly(['lastText','lastAt','lastUid','typing','read','ttl','pin','pins'])\n        && request.resource.data.get('pins', []).size() <= 3;\n    }\n\n    match /chats/{chatId}/messages/{m} {\n      function inChat() { return chatId == 'public' || chatId.split('_')[0] == request.auth.uid || chatId.split('_')[1] == request.auth.uid; }\n      allow read: if signedIn() && inChat();\n      allow create: if signedIn() && notBanned() && inChat() && (chatId != 'public' || isOwner() || siteFlag('publicOpen'))\n        && (chatId == 'public' || (('cipher' in request.resource.data) && !('loc' in request.resource.data) && !('poll' in request.resource.data) && !('text' in request.resource.data) && !('img' in request.resource.data) && !('file' in request.resource.data)))\n        && request.resource.data.keys().hasOnly(['uid','text','at','reply','exp','img','loc','fwd','poll','cipher'])\n        && (chatId == 'public' || request.resource.data.keys().hasOnly(['uid','at','exp','cipher']))\n        && request.resource.data.uid == request.auth.uid\n        && request.resource.data.get('text', '') is string\n        && request.resource.data.get('text', '').size() <= 2000\n        && (request.resource.data.get('text', '').size() > 0 || 'img' in request.resource.data || 'loc' in request.resource.data || 'poll' in request.resource.data\n            || ('cipher' in request.resource.data\n              && request.resource.data.cipher.v == 2\n              && request.resource.data.cipher.alg == 'ECDH-P256-AESGCM-DUAL'\n              && request.resource.data.cipher.keys().hasOnly(['v','alg','recipient','sender'])\n              && request.resource.data.cipher.recipient.keys().hasOnly(['senderEphemeralPublic','iv','ciphertext'])\n              && request.resource.data.cipher.sender.keys().hasOnly(['senderIdentityPublic','iv','ciphertext'])\n              && request.resource.data.cipher.recipient.iv is string && request.resource.data.cipher.recipient.iv.size() == 16\n              && request.resource.data.cipher.sender.iv is string && request.resource.data.cipher.sender.iv.size() == 16\n              && request.resource.data.cipher.recipient.ciphertext is string && request.resource.data.cipher.recipient.ciphertext.size() <= 600000\n              && request.resource.data.cipher.sender.ciphertext is string && request.resource.data.cipher.sender.ciphertext.size() <= 600000))\n        && (!('poll' in request.resource.data) || (request.resource.data.poll.keys().hasOnly(['q','o'])\n              && request.resource.data.poll.q is string && request.resource.data.poll.q.size() >= 1 && request.resource.data.poll.q.size() <= 200\n              && request.resource.data.poll.o is list && request.resource.data.poll.o.size() >= 2 && request.resource.data.poll.o.size() <= 12))\n        && request.resource.data.get('img', '').size() < 400000;\n      allow update: if (signedIn() && resource.data.uid == request.auth.uid\n        && (chatId == 'public' || request.resource.data.diff(resource.data).affectedKeys().hasOnly(['deleted']))\n        && request.resource.data.diff(resource.data).affectedKeys().hasOnly(['deleted','text','img','loc','reply'])\n        && request.resource.data.get('deleted', false) == true)\n        // تعديل منشور خاص: صاحبه فقط\n        || (signedIn() && chatId != 'public' && resource.data.uid == request.auth.uid\n          && request.resource.data.diff(resource.data).affectedKeys().hasOnly(['cipher'])\n          && request.resource.data.cipher.keys().hasOnly(['v','alg','recipient','sender'])\n          && request.resource.data.cipher.v == 2\n          && request.resource.data.cipher.alg == 'ECDH-P256-AESGCM-DUAL')\n        || (signedIn() && chatId == 'public' && resource.data.uid == request.auth.uid\n          && request.resource.data.diff(resource.data).affectedKeys().hasOnly(['text'])\n          && request.resource.data.text is string && request.resource.data.text.size() > 0 && request.resource.data.text.size() <= 2000)\n        // تفاعل بإيموجي: كل مستخدم يعدّل خانته فقط، والقراءة محصورة بأطراف المحادثة\n        || (signedIn() && chatId == 'public' && inChat()\n          && request.resource.data.diff(resource.data).affectedKeys().hasOnly(['reactions'])\n          && request.resource.data.reactions is map\n          && request.resource.data.reactions.diff(resource.data.get('reactions', {})).affectedKeys().hasOnly([request.auth.uid]))\n        || (signedIn() && chatId != 'public' && inChat()\n          && request.resource.data.diff(resource.data).affectedKeys().hasOnly(['reactionCiphers'])\n          && request.resource.data.reactionCiphers is map\n          && request.resource.data.reactionCiphers.diff(resource.data.get('reactionCiphers', {})).affectedKeys().hasOnly([request.auth.uid])\n          && (!(request.auth.uid in request.resource.data.reactionCiphers)\n              || (request.resource.data.reactionCiphers[request.auth.uid].keys().hasOnly(['v','alg','senderIdentityPublic','iv','ciphertext'])\n                && request.resource.data.reactionCiphers[request.auth.uid].alg == 'ECDH-P256-AESGCM-SHARED'\n                && request.resource.data.reactionCiphers[request.auth.uid].ciphertext is string\n                && request.resource.data.reactionCiphers[request.auth.uid].ciphertext.size() <= 20000)))\n        // تصويت في استفتاء: المشارك يعدّل صوته هو بس\n        || (signedIn() && inChat() && 'poll' in resource.data\n          && request.resource.data.diff(resource.data).affectedKeys().hasOnly(['votes'])\n          && request.resource.data.votes.diff(resource.data.get('votes', {})).affectedKeys().hasOnly([request.auth.uid])\n          && (!(request.auth.uid in request.resource.data.votes)\n              || (request.resource.data.votes[request.auth.uid] is int\n                  && request.resource.data.votes[request.auth.uid] >= 0\n                  && request.resource.data.votes[request.auth.uid] < resource.data.poll.o.size())));\n      allow delete: if signedIn() && (resource.data.uid == request.auth.uid || (isOwner() && chatId == 'public'));\n    }\n\n    // ---------- المجموعات والقنوات ----------\n    function gm(g) { return request.auth.uid in g.members; }\n    function gAdmin(g) { return gm(g) && (request.auth.uid == g.owner || request.auth.uid in g.admins); }\n    function gMax(g) { return g.kind == 'channel' ? 5000 : 256; }\n    function secretP(gid) { return /databases/$(db)/documents/groups/$(gid)/secret/invite; }\n    function invitedP(gid, u) { return /databases/$(db)/documents/groups/$(gid)/invites/$(u); }\n    // رابط الدعوة: القناة العامة مفتوحة، وغير كده لو فيه مفتاح مسجّل لازم العضو الجديد يكون كتب نفس المفتاح في نفس العملية\n    function inviteOk(gid, g) {\n      return g.get('public', false) == true || !exists(secretP(gid))\n        || getAfter(invitedP(gid, request.auth.uid)).data.k == get(secretP(gid)).data.key;\n    }\n\n    match /groups/{gid} {\n      // مستند المجموعة الكامل لا يُقرأ إلا بواسطة عضو؛ دليل القنوات العام منفصل أسفل القاعدة.\n      allow get, list: if signedIn() && request.auth.uid in resource.data.members;\n      allow create: if signedIn() && notBanned()\n        && request.resource.data.owner == request.auth.uid\n        && request.resource.data.keys().hasOnly(['kind','name','desc','photo','owner','admins','members','public','joinOpen','handle','createdAt','lastText','lastAt','lastUid','lastName'])\n        && request.resource.data.kind in ['group','channel']\n        && request.resource.data.name is string\n        && request.resource.data.name.size() >= 1 && request.resource.data.name.size() <= 50\n        && request.resource.data.get('desc', '').size() <= (request.resource.data.kind == 'channel' ? 512 : 200)\n        && request.resource.data.get('photo', '').size() < 150000\n        && request.resource.data.admins == [request.auth.uid]\n        && request.auth.uid in request.resource.data.members\n        && request.resource.data.members.size() <= 60;\n      allow update: if signedIn() && notBanned() && (\n        // 1) المشرفين: تعديل البيانات وإضافة/إزالة الأعضاء\n        (gAdmin(resource.data)\n          && request.resource.data.owner == resource.data.owner\n          && request.resource.data.kind == resource.data.kind\n          && request.resource.data.name.size() >= 1 && request.resource.data.name.size() <= 50\n          && request.resource.data.get('desc', '').size() <= (resource.data.kind == 'channel' ? 512 : 200)\n          && request.resource.data.get('photo', '').size() < 150000\n          && resource.data.owner in request.resource.data.members\n          && request.resource.data.members.size() <= gMax(resource.data)\n          && (request.resource.data.admins == resource.data.admins || request.auth.uid == resource.data.owner)\n          && request.resource.data.get('pins', []).size() <= 3\n          // مفتاح handle مش موجود في اللستة دي، يعني ثابت بعد الإنشاء ومينفعش يتغيّر من هنا (كان ينفع يتسرق handle مجموعة تانية)\n          && request.resource.data.diff(resource.data).affectedKeys()\n               .hasOnly(['name','desc','photo','public','joinOpen','approve','noReact','sendAdmins','verified','members','admins','banned','muted','pin','pins'])\n          && (request.resource.data.get('verified', false) == resource.data.get('verified', false) || request.auth.uid == resource.data.owner))\n        // 2) انضمام / متابعة بالرابط\n        || (resource.data.joinOpen == true && resource.data.get('approve', false) == false && !(request.auth.uid in resource.data.members) && !(request.auth.uid in resource.data.get('banned', [])) && inviteOk(gid, resource.data)\n          && request.resource.data.diff(resource.data).affectedKeys().hasOnly(['members'])\n          && request.auth.uid in request.resource.data.members\n          && request.resource.data.members.hasAll(resource.data.members)\n          && request.resource.data.members.size() == resource.data.members.size() + 1\n          && request.resource.data.members.size() <= gMax(resource.data))\n        // 3) مغادرة\n        || (gm(resource.data) && request.auth.uid != resource.data.owner\n          && request.resource.data.diff(resource.data).affectedKeys().hasOnly(['members','admins'])\n          && !(request.auth.uid in request.resource.data.members)\n          && !(request.auth.uid in request.resource.data.admins)\n          && request.resource.data.members.hasOnly(resource.data.members)\n          && request.resource.data.members.size() == resource.data.members.size() - 1)\n        // 3.5) المالك بيخرج وبينقل الملكية لعضو\n        || (request.auth.uid == resource.data.owner\n          && request.resource.data.diff(resource.data).affectedKeys().hasOnly(['owner','members','admins'])\n          && request.resource.data.owner != request.auth.uid\n          && request.resource.data.owner in resource.data.members\n          && request.resource.data.owner in request.resource.data.admins\n          && !(request.auth.uid in request.resource.data.members)\n          && !(request.auth.uid in request.resource.data.admins)\n          && request.resource.data.members.hasOnly(resource.data.members)\n          && request.resource.data.members.size() == resource.data.members.size() - 1)\n        // 3.7) قبول دعوة مشرف (التوكن لازم يكون موجود، وبيتمسح في نفس العملية فمينفعش يتستخدم مرتين)\n        || (gm(resource.data)\n          && request.resource.data.diff(resource.data).affectedKeys().hasOnly(['admins'])\n          && request.auth.uid in request.resource.data.admins\n          && request.resource.data.admins.hasAll(resource.data.admins)\n          && request.resource.data.admins.size() == resource.data.admins.size() + 1\n          && (resource.data.kind == 'group' || request.resource.data.admins.size() <= 16)\n          && exists(/databases/$(db)/documents/groups/$(gid)/adminInvites/$(getAfter(/databases/$(db)/documents/groups/$(gid)/adminAccepts/$(request.auth.uid)).data.t)))\n        // 4) تحديث آخر رسالة (الأعضاء في المجموعات، والمشرفين في القنوات)\n        || (gm(resource.data)\n          && request.resource.data.diff(resource.data).affectedKeys().hasOnly(['lastText','lastAt','lastUid','lastName'])\n          && ((resource.data.kind == 'group' && resource.data.get('sendAdmins', false) == false) || gAdmin(resource.data)))\n      );\n      allow delete: if signedIn() && request.auth.uid == resource.data.owner;\n    }\n\n    // دليل القنوات العامة فقط؛ لا يحتوي members أو admins.\n    match /groupDirectory/{gid} {\n      allow get, list: if signedIn();\n      allow create: if signedIn() && request.auth.uid == request.resource.data.owner\n        && request.resource.data.keys().hasOnly(['kind','name','desc','photo','owner','public','verified','joinOpen','handle','createdAt','lastText','lastAt','lastUid'])\n        && request.resource.data.kind in ['group','channel']\n        && ((request.resource.data.kind == 'channel' && request.resource.data.public == true) || request.resource.data.public == false)\n        && existsAfter(/databases/$(db)/documents/groups/$(gid))\n        && getAfter(/databases/$(db)/documents/groups/$(gid)).data.owner == request.auth.uid;\n      allow update: if signedIn() && resource.data.owner == request.auth.uid\n        && request.auth.uid == request.resource.data.owner\n        && request.resource.data.keys().hasOnly(['kind','name','desc','photo','owner','public','verified','joinOpen','handle','createdAt','lastText','lastAt','lastUid'])\n        && get(/databases/$(db)/documents/groups/$(gid)).data.owner == request.auth.uid;\n      allow delete: if signedIn() && (request.auth.uid == resource.data.owner || isOwner());\n    }\n\n    // مفتاح رابط الدعوة (الأعضاء بس يقروه، والمشرف يغيّره = إعادة تعيين الرابط)\n    match /groups/{gid}/secret/{d} {\n      function G() { return get(/databases/$(db)/documents/groups/$(gid)).data; }\n      allow read: if signedIn() && d == 'invite' && request.auth.uid in G().members;\n      allow create, update: if signedIn() && d == 'invite'\n        && request.resource.data.keys().hasOnly(['key'])\n        && request.resource.data.key is string && request.resource.data.key.size() >= 12 && request.resource.data.key.size() <= 40\n        && (gAdmin(G()) || getAfter(/databases/$(db)/documents/groups/$(gid)).data.owner == request.auth.uid);\n    }\n    // إثبات إن العضو الجديد معاه المفتاح (بيتكتب في نفس العملية مع الانضمام)\n    match /groups/{gid}/invites/{u} {\n      allow create, update: if signedIn() && notBanned() && request.auth.uid == u\n        && request.resource.data.keys().hasOnly(['k']) && request.resource.data.k is string && request.resource.data.k.size() <= 40;\n      allow read, delete: if signedIn() && request.auth.uid == u;\n    }\n    // روابط دعوة المشرف (المالك بس بيعملها)\n    match /groups/{gid}/adminInvites/{t} {\n      function G() { return get(/databases/$(db)/documents/groups/$(gid)).data; }\n      allow create: if signedIn() && G().owner == request.auth.uid && t.matches('^[A-Za-z0-9]{16,40}$')\n        && request.resource.data.keys().hasOnly(['at']);\n      allow read: if signedIn() && G().owner == request.auth.uid;\n      allow delete: if signedIn() && (G().owner == request.auth.uid\n        || getAfter(/databases/$(db)/documents/groups/$(gid)/adminAccepts/$(request.auth.uid)).data.t == t);\n    }\n    match /groups/{gid}/adminAccepts/{u} {\n      allow create, update: if signedIn() && notBanned() && request.auth.uid == u\n        && request.resource.data.keys().hasOnly(['t']) && request.resource.data.t is string && request.resource.data.t.size() <= 40;\n      allow read, delete: if signedIn() && request.auth.uid == u;\n    }\n\n    // طلبات الانضمام (للمجموعات اللي فيها \"الموافقة على الأعضاء الجدد\")\n    match /groups/{gid}/requests/{uid} {\n      function G() { return get(/databases/$(db)/documents/groups/$(gid)).data; }\n      allow create: if signedIn() && notBanned() && request.auth.uid == uid\n        && G().get('joinOpen', false) == true && G().get('approve', false) == true && !(uid in G().members) && !(uid in G().get('banned', [])) && inviteOk(gid, G())\n        && request.resource.data.keys().hasOnly(['at','name']);\n      allow read, delete: if signedIn() && (request.auth.uid == uid || gAdmin(G()));\n    }\n\n    match /groups/{gid}/messages/{m} {\n      function G() { return get(/databases/$(db)/documents/groups/$(gid)).data; }\n      allow read: if signedIn() && (request.auth.uid in G().members || (G().get('public', false) == true && G().kind == 'channel'));\n      allow create: if signedIn() && notBanned() && request.auth.uid in G().members\n        && (!(request.auth.uid in G().get('muted', {})) || G().get('muted', {})[request.auth.uid] < request.time.toMillis())\n        && ((G().kind == 'group' && G().get('sendAdmins', false) == false) || request.auth.uid == G().owner || request.auth.uid in G().admins)\n        && request.resource.data.keys().hasOnly(['uid','text','at','reply','img','loc','fwd','poll'])\n        && request.resource.data.uid == request.auth.uid\n        && request.resource.data.get('text', '') is string\n        && request.resource.data.get('text', '').size() <= 2000\n        && (request.resource.data.get('text', '').size() > 0 || 'img' in request.resource.data || 'loc' in request.resource.data || 'poll' in request.resource.data)\n        && (!('poll' in request.resource.data) || (request.resource.data.poll.keys().hasOnly(['q','o'])\n              && request.resource.data.poll.q is string && request.resource.data.poll.q.size() >= 1 && request.resource.data.poll.q.size() <= 200\n              && request.resource.data.poll.o is list && request.resource.data.poll.o.size() >= 2 && request.resource.data.poll.o.size() <= 12))\n        && request.resource.data.get('img', '').size() < 400000;\n      allow update: if (signedIn() && resource.data.uid == request.auth.uid\n        && request.resource.data.diff(resource.data).affectedKeys().hasOnly(['deleted','text','img','loc','reply'])\n        && request.resource.data.deleted == true)\n        // تعديل منشور: صاحبه فقط، والنص لا يتجاوز 2000 حرف\n        || (signedIn() && resource.data.uid == request.auth.uid\n          && request.resource.data.diff(resource.data).affectedKeys().hasOnly(['text'])\n          && request.resource.data.text is string && request.resource.data.text.size() > 0 && request.resource.data.text.size() <= 2000)\n        // تفاعل بإيموجي: العضو يعدّل خانته هو بس جوه reactions\n        || (signedIn() && request.auth.uid in G().members && G().get('noReact', false) == false\n          && request.resource.data.diff(resource.data).affectedKeys().hasOnly(['reactions'])\n          && request.resource.data.reactions is map\n          && request.resource.data.reactions.diff(resource.data.get('reactions', {})).affectedKeys().hasOnly([request.auth.uid]))\n        // تصويت في استفتاء: العضو يعدّل صوته هو بس\n        || (signedIn() && request.auth.uid in G().members && 'poll' in resource.data\n          && request.resource.data.diff(resource.data).affectedKeys().hasOnly(['votes'])\n          && request.resource.data.votes.diff(resource.data.get('votes', {})).affectedKeys().hasOnly([request.auth.uid])\n          && (!(request.auth.uid in request.resource.data.votes)\n              || (request.resource.data.votes[request.auth.uid] is int\n                  && request.resource.data.votes[request.auth.uid] >= 0\n                  && request.resource.data.votes[request.auth.uid] < resource.data.poll.o.size())));\n      allow delete: if signedIn() && (resource.data.uid == request.auth.uid\n        || (request.auth.uid in G().members && (request.auth.uid == G().owner || request.auth.uid in G().admins)));\n    }\n\n    // إيصالات القراءة: لا يكتبها إلا القارئ نفسه، ولا يقرأها إلا مرسل الرسالة أو مشرف المجموعة/القناة أو طرف الخاص\n    match /groups/{gid}/messages/{m}/receipts/{uid} {\n      function G() { return get(/databases/$(db)/documents/groups/$(gid)).data; }\n      function M() { return get(/databases/$(db)/documents/groups/$(gid)/messages/$(m)).data; }\n      allow create, update: if signedIn() && uid == request.auth.uid && uid in G().members && request.resource.data.keys().hasOnly(['uid','at']);\n      allow read: if signedIn() && (request.auth.uid == M().uid || request.auth.uid == G().owner || request.auth.uid in G().admins);\n    }\n    match /chats/{chatId}/messages/{m}/receipts/{uid} {\n      function M() { return get(/databases/$(db)/documents/chats/$(chatId)/messages/$(m)).data; }\n      allow create, update: if signedIn() && uid == request.auth.uid && (chatId == 'public' || (chatId.split('_')[0] == request.auth.uid || chatId.split('_')[1] == request.auth.uid)) && request.resource.data.keys().hasOnly(['uid','at']);\n      allow read: if signedIn() && (chatId == 'public' ? (request.auth.uid == M().uid || isOwner()) : (chatId.split('_')[0] == request.auth.uid || chatId.split('_')[1] == request.auth.uid));\n    }\n    // إحصائيات مجهّلة: كل عضو يكتب سجله فقط، والمشرفون يقرؤون التجميع\n    match /groups/{gid}/analytics/{uid} {\n      function G() { return get(/databases/$(db)/documents/groups/$(gid)).data; }\n      allow create, update: if signedIn() && uid == request.auth.uid && uid in G().members\n        && request.resource.data.keys().hasOnly(['uid','opens','lastOpen','firstOpen'])\n        && request.resource.data.uid == uid && request.resource.data.opens is int;\n      allow read, list: if signedIn() && (request.auth.uid == G().owner || request.auth.uid in G().admins);\n    }\n\n    match /handles/{h} {\n      allow get: if signedIn();\n      allow list: if isOwner();\n      allow create: if signedIn() && h.matches('^[a-z0-9_]{3,20}$')\n        && request.resource.data.keys().hasOnly(['gid','owner'])\n        && request.resource.data.owner == request.auth.uid\n        && getAfter(/databases/$(db)/documents/groups/$(request.resource.data.gid)).data.owner == request.auth.uid;\n      allow delete: if signedIn() && (resource.data.owner == request.auth.uid\n        || get(/databases/$(db)/documents/groups/$(resource.data.gid)).data.owner == request.auth.uid);\n    }\n\n    match /reports/{id} {\n      allow create: if signedIn() && request.resource.data.reporter == request.auth.uid\n        && request.resource.data.keys().hasOnly(['reporter','kind','chatId','messageId','targetUid','text','at'])\n        && request.resource.data.text is string && request.resource.data.text.size() <= 200;\n      allow read, delete: if isOwner();\n    }\n\n    // ---------- إحصائيات الزيارات ----------\n    match /stats/{d} {\n      allow read: if isOwner();\n      allow create: if signedIn() && request.resource.data.keys().hasOnly(['visits']) && request.resource.data.visits == 1;\n      allow update: if signedIn() && request.resource.data.diff(resource.data).affectedKeys().hasOnly(['visits'])\n        && request.resource.data.visits == resource.data.visits + 1;\n    }\n\n    // ---------- سجل الدخول ----------\n    match /logins/{id} {\n      allow read: if isOwner();\n      allow create: if signedIn() && request.resource.data.uid == request.auth.uid\n        && request.resource.data.keys().hasOnly(['uid','name','at']);\n    }\n  }\n}\n"}]}}
[debug] [2026-10-07T20:02:03.833Z] Oct 07, 2026 8:02:03 PM io.gapi.emulators.netty.HttpVersionRoutingHandler channelRead
INFO: Detected non-HTTP/2 connection.
 {"metadata":{"emulator":{"name":"firestore"},"message":"Oct 07, 2026 8:02:03 PM io.gapi.emulators.netty.HttpVersionRoutingHandler channelRead\nINFO: Detected non-HTTP/2 connection.\n"}}
[debug] [2026-10-07T20:02:04.068Z] <<< [apiv2][status] PUT http://127.0.0.1:8080/emulator/v1/projects/demo-es-chat:securityRules 200
[debug] [2026-10-07T20:02:04.068Z] <<< [apiv2][body] PUT http://127.0.0.1:8080/emulator/v1/projects/demo-es-chat:securityRules {}
[info] ✔  firestore: Rules updated. 
[info] i  firestore: Change detected, updating rules... 
[debug] [2026-10-07T20:02:08.649Z] >>> [apiv2][query] PUT http://127.0.0.1:8080/emulator/v1/projects/demo-es-chat:securityRules [none]
[debug] [2026-10-07T20:02:08.649Z] >>> [apiv2][body] PUT http://127.0.0.1:8080/emulator/v1/projects/demo-es-chat:securityRules {"ignore_errors":true,"rules":{"files":[{"name":"security.rules","content":"rules_version = '2';\nservice cloud.firestore {\n  match /databases/{db}/documents {\n\n    function signedIn() { return request.auth != null; }\n    function isOwner() {\n      return signedIn()\n        && request.auth.token.email == 'moreand458@gmail.com'\n        && request.auth.token.email_verified == true;\n    }\n    function notBanned() {\n      return !(exists(/databases/$(db)/documents/users/$(request.auth.uid))\n        && get(/databases/$(db)/documents/users/$(request.auth.uid)).data.get('banned', false) == true);\n    }\n    function siteFlag(k) {\n      return !exists(/databases/$(db)/documents/settings/site)\n        || get(/databases/$(db)/documents/settings/site).data.get(k, true) != false;\n    }\n    function validProfile(d) {\n      return d.get('name', 'x').size() >= 1 && d.get('name', 'x').size() <= 40\n        && d.get('bio', '').size() <= 160\n        && d.get('photo', '').size() < 150000\n        && d.get('gender', 'male') in ['male', 'female'];\n    }\n\n    // ---------- المستخدمون ----------\n    match /users/{uid} {\n      allow get: if signedIn() && (request.auth.uid == uid || isOwner());\n      allow list: if isOwner();\n      allow create: if isOwner() && request.auth.uid == uid\n        || (signedIn() && request.auth.uid == uid && siteFlag('registrationOpen')\n            && request.resource.data.keys().hasOnly(['uid','name','createdAt','lastLogin','loginCount','onboarded'])\n            && validProfile(request.resource.data));\n      allow update: if isOwner()\n        || (signedIn() && request.auth.uid == uid\n            && request.resource.data.diff(resource.data).affectedKeys()\n                 .hasOnly(['name','photo','gender','bio','username','lastLogin','loginCount','onboarded','lastSeen','hideLastSeen','readReceipts','noAdd'])\n            && (!('username' in request.resource.data.diff(resource.data).affectedKeys())\n                || resource.data.get('username', '') == '')\n            && validProfile(request.resource.data));\n      allow delete: if isOwner();\n    }\n\n    match /users/{uid}/public/{d} {\n      allow get: if signedIn();\n      allow list: if isOwner();\n      allow create, update: if signedIn() && (request.auth.uid == uid || isOwner())\n        && request.resource.data.keys().hasOnly(['uid','name','photo','gender','bio','username','hideLastSeen','lastSeen','verified'])\n        && request.resource.data.uid == uid && validProfile(request.resource.data);\n      allow delete: if signedIn() && request.auth.uid == uid;\n    }\n\n    match /users/{uid}/private/{d} {\n      allow read, write: if signedIn() && (request.auth.uid == uid || isOwner());\n    }\n\n    match /users/{uid}/data/{d} {\n      allow read, write: if signedIn() && request.auth.uid == uid;\n    }\n\n    match /users/{uid}/tokens/{t} {\n      allow read, write: if signedIn() && request.auth.uid == uid;\n    }\n\n    // مفاتيح عامة للمرحلة الأولى من التشفير: لا يوجد أي private key هنا.\n    match /users/{uid}/crypto/{deviceId} {\n      allow get, list: if signedIn();\n      allow create, update: if signedIn() && request.auth.uid == uid\n        && request.resource.data.keys().hasOnly(['deviceId','identityDHPublic','identitySignPublic','signedPreKeyPublic','signedPreKeySignature','preKeysPublic','protocol'])\n        && request.resource.data.deviceId == deviceId\n        && request.resource.data.preKeysPublic is list\n        && request.resource.data.preKeysPublic.size() <= 100\n        && request.resource.data.protocol == 'e2ee-foundation-p256-v1';\n      allow delete: if signedIn() && request.auth.uid == uid;\n    }\n\n    match /settings/{d} {\n      allow read: if signedIn();\n      allow write: if isOwner();\n    }\n\n    // ---------- أسماء المستخدمين (فريدة) ----------\n    match /usernames/{u} {\n      allow get: if signedIn();\n      allow list: if isOwner();\n      allow create: if signedIn()\n        && u.matches('^[a-z0-9_]{3,20}$')\n        && request.resource.data.keys().hasOnly(['uid'])\n        && request.resource.data.uid == request.auth.uid;\n      allow delete: if isOwner();\n    }\n\n    // ---------- المحادثات (public = الغرفة العامة، والخاصة id = uid1_uid2) ----------\n    match /chats/{chatId} {\n      function inId() { return signedIn() && (chatId.split('_')[0] == request.auth.uid || chatId.split('_')[1] == request.auth.uid); }\n      allow get: if inId();\n      allow list: if signedIn() && request.auth.uid in resource.data.members;\n      allow create: if inId() && notBanned()\n        && request.resource.data.keys().hasOnly(['members','lastText','lastAt','lastUid','typing','read','ttl'])\n        && request.resource.data.members.size() == 2\n        && request.auth.uid in request.resource.data.members\n        && chatId == request.resource.data.members[0] + '_' + request.resource.data.members[1];\n      allow update: if inId() && notBanned()\n        && request.resource.data.diff(resource.data).affectedKeys().hasOnly(['lastText','lastAt','lastUid','typing','read','ttl','pin','pins'])\n        && request.resource.data.get('pins', []).size() <= 3;\n    }\n\n    match /chats/{chatId}/messages/{m} {\n      function inChat() { return chatId == 'public' || chatId.split('_')[0] == request.auth.uid || chatId.split('_')[1] == request.auth.uid; }\n      allow read: if signedIn() && inChat();\n      allow create: if signedIn() && notBanned() && inChat() && (chatId != 'public' || isOwner() || siteFlag('publicOpen'))\n        && (chatId == 'public' || (('cipher' in request.resource.data) && !('loc' in request.resource.data) && !('poll' in request.resource.data) && !('text' in request.resource.data) && !('img' in request.resource.data) && !('file' in request.resource.data)))\n        && request.resource.data.keys().hasOnly(['uid','text','at','reply','exp','img','loc','fwd','poll','cipher'])\n        && (chatId == 'public' || request.resource.data.keys().hasOnly(['uid','at','exp','cipher']))\n        && request.resource.data.uid == request.auth.uid\n        && request.resource.data.get('text', '') is string\n        && request.resource.data.get('text', '').size() <= 2000\n        && (request.resource.data.get('text', '').size() > 0 || 'img' in request.resource.data || 'loc' in request.resource.data || 'poll' in request.resource.data\n            || ('cipher' in request.resource.data\n              && request.resource.data.cipher.v == 2\n              && request.resource.data.cipher.alg == 'ECDH-P256-AESGCM-DUAL'\n              && request.resource.data.cipher.keys().hasOnly(['v','alg','recipient','sender'])\n              && request.resource.data.cipher.recipient.keys().hasOnly(['senderEphemeralPublic','iv','ciphertext'])\n              && request.resource.data.cipher.sender.keys().hasOnly(['senderIdentityPublic','iv','ciphertext'])\n              && request.resource.data.cipher.recipient.iv is string && request.resource.data.cipher.recipient.iv.size() == 16\n              && request.resource.data.cipher.sender.iv is string && request.resource.data.cipher.sender.iv.size() == 16\n              && request.resource.data.cipher.recipient.ciphertext is string && request.resource.data.cipher.recipient.ciphertext.size() <= 600000\n              && request.resource.data.cipher.sender.ciphertext is string && request.resource.data.cipher.sender.ciphertext.size() <= 600000))\n        && (!('poll' in request.resource.data) || (request.resource.data.poll.keys().hasOnly(['q','o'])\n              && request.resource.data.poll.q is string && request.resource.data.poll.q.size() >= 1 && request.resource.data.poll.q.size() <= 200\n              && request.resource.data.poll.o is list && request.resource.data.poll.o.size() >= 2 && request.resource.data.poll.o.size() <= 12))\n        && request.resource.data.get('img', '').size() < 400000;\n      allow update: if (signedIn() && resource.data.uid == request.auth.uid\n        && (chatId == 'public' || request.resource.data.diff(resource.data).affectedKeys().hasOnly(['deleted']))\n        && request.resource.data.diff(resource.data).affectedKeys().hasOnly(['deleted','text','img','loc','reply'])\n        && request.resource.data.get('deleted', false) == true)\n        // تعديل منشور خاص: صاحبه فقط\n        || (signedIn() && chatId != 'public' && resource.data.uid == request.auth.uid\n          && request.resource.data.diff(resource.data).affectedKeys().hasOnly(['cipher'])\n          && request.resource.data.cipher.keys().hasOnly(['v','alg','recipient','sender'])\n          && request.resource.data.cipher.v == 2\n          && request.resource.data.cipher.alg == 'ECDH-P256-AESGCM-DUAL')\n        || (signedIn() && chatId == 'public' && resource.data.uid == request.auth.uid\n          && request.resource.data.diff(resource.data).affectedKeys().hasOnly(['text'])\n          && request.resource.data.text is string && request.resource.data.text.size() > 0 && request.resource.data.text.size() <= 2000)\n        // تفاعل بإيموجي: كل مستخدم يعدّل خانته فقط، والقراءة محصورة بأطراف المحادثة\n        || (signedIn() && chatId == 'public' && inChat()\n          && request.resource.data.diff(resource.data).affectedKeys().hasOnly(['reactions'])\n          && request.resource.data.reactions is map\n          && request.resource.data.reactions.diff(resource.data.get('reactions', {})).affectedKeys().hasOnly([request.auth.uid]))\n        || (signedIn() && chatId != 'public' && inChat()\n          && request.resource.data.diff(resource.data).affectedKeys().hasOnly(['reactionCiphers'])\n          && request.resource.data.reactionCiphers is map\n          && request.resource.data.reactionCiphers.diff(resource.data.get('reactionCiphers', {})).affectedKeys().hasOnly([request.auth.uid])\n          && (!(request.auth.uid in request.resource.data.reactionCiphers)\n              || (request.resource.data.reactionCiphers[request.auth.uid].keys().hasOnly(['v','alg','senderIdentityPublic','iv','ciphertext'])\n                && request.resource.data.reactionCiphers[request.auth.uid].alg == 'ECDH-P256-AESGCM-SHARED'\n                && request.resource.data.reactionCiphers[request.auth.uid].ciphertext is string\n                && request.resource.data.reactionCiphers[request.auth.uid].ciphertext.size() <= 20000)))\n        // تصويت في استفتاء: المشارك يعدّل صوته هو بس\n        || (signedIn() && inChat() && 'poll' in resource.data\n          && request.resource.data.diff(resource.data).affectedKeys().hasOnly(['votes'])\n          && request.resource.data.votes.diff(resource.data.get('votes', {})).affectedKeys().hasOnly([request.auth.uid])\n          && (!(request.auth.uid in request.resource.data.votes)\n              || (request.resource.data.votes[request.auth.uid] is int\n                  && request.resource.data.votes[request.auth.uid] >= 0\n                  && request.resource.data.votes[request.auth.uid] < resource.data.poll.o.size())));\n      allow delete: if signedIn() && (resource.data.uid == request.auth.uid || (isOwner() && chatId == 'public'));\n    }\n\n    // ---------- المجموعات والقنوات ----------\n    function gm(g) { return request.auth.uid in g.members; }\n    function gAdmin(g) { return gm(g) && (request.auth.uid == g.owner || request.auth.uid in g.admins); }\n    function gMax(g) { return g.kind == 'channel' ? 5000 : 256; }\n    function secretP(gid) { return /databases/$(db)/documents/groups/$(gid)/secret/invite; }\n    function invitedP(gid, u) { return /databases/$(db)/documents/groups/$(gid)/invites/$(u); }\n    // رابط الدعوة: القناة العامة مفتوحة، وغير كده لو فيه مفتاح مسجّل لازم العضو الجديد يكون كتب نفس المفتاح في نفس العملية\n    function inviteOk(gid, g) {\n      return g.get('public', false) == true || !exists(secretP(gid))\n        || getAfter(invitedP(gid, request.auth.uid)).data.k == get(secretP(gid)).data.key;\n    }\n\n    match /groups/{gid} {\n      // مستند المجموعة الكامل لا يُقرأ إلا بواسطة عضو؛ دليل القنوات العام منفصل أسفل القاعدة.\n      allow get, list: if signedIn() && request.auth.uid in resource.data.members;\n      allow create: if signedIn() && notBanned()\n        && request.resource.data.owner == request.auth.uid\n        && request.resource.data.keys().hasOnly(['kind','name','desc','photo','owner','admins','members','public','joinOpen','handle','createdAt','lastText','lastAt','lastUid','lastName'])\n        && request.resource.data.kind in ['group','channel']\n        && request.resource.data.name is string\n        && request.resource.data.name.size() >= 1 && request.resource.data.name.size() <= 50\n        && request.resource.data.get('desc', '').size() <= (request.resource.data.kind == 'channel' ? 512 : 200)\n        && request.resource.data.get('photo', '').size() < 150000\n        && request.resource.data.admins == [request.auth.uid]\n        && request.auth.uid in request.resource.data.members\n        && request.resource.data.members.size() <= 60;\n      allow update: if signedIn() && notBanned() && (\n        // 1) المشرفين: تعديل البيانات وإضافة/إزالة الأعضاء\n        (gAdmin(resource.data)\n          && request.resource.data.owner == resource.data.owner\n          && request.resource.data.kind == resource.data.kind\n          && request.resource.data.name.size() >= 1 && request.resource.data.name.size() <= 50\n          && request.resource.data.get('desc', '').size() <= (resource.data.kind == 'channel' ? 512 : 200)\n          && request.resource.data.get('photo', '').size() < 150000\n          && resource.data.owner in request.resource.data.members\n          && request.resource.data.members.size() <= gMax(resource.data)\n          && (request.resource.data.admins == resource.data.admins || request.auth.uid == resource.data.owner)\n          && request.resource.data.get('pins', []).size() <= 3\n          // مفتاح handle مش موجود في اللستة دي، يعني ثابت بعد الإنشاء ومينفعش يتغيّر من هنا (كان ينفع يتسرق handle مجموعة تانية)\n          && request.resource.data.diff(resource.data).affectedKeys()\n               .hasOnly(['name','desc','photo','public','joinOpen','approve','noReact','sendAdmins','verified','members','admins','banned','muted','pin','pins'])\n          && (request.resource.data.get('verified', false) == resource.data.get('verified', false) || request.auth.uid == resource.data.owner))\n        // 2) انضمام / متابعة بالرابط\n        || (resource.data.joinOpen == true && resource.data.get('approve', false) == false && !(request.auth.uid in resource.data.members) && !(request.auth.uid in resource.data.get('banned', [])) && inviteOk(gid, resource.data)\n          && request.resource.data.diff(resource.data).affectedKeys().hasOnly(['members'])\n          && request.auth.uid in request.resource.data.members\n          && request.resource.data.members.hasAll(resource.data.members)\n          && request.resource.data.members.size() == resource.data.members.size() + 1\n          && request.resource.data.members.size() <= gMax(resource.data))\n        // 3) مغادرة\n        || (gm(resource.data) && request.auth.uid != resource.data.owner\n          && request.resource.data.diff(resource.data).affectedKeys().hasOnly(['members','admins'])\n          && !(request.auth.uid in request.resource.data.members)\n          && !(request.auth.uid in request.resource.data.admins)\n          && request.resource.data.members.hasOnly(resource.data.members)\n          && request.resource.data.members.size() == resource.data.members.size() - 1)\n        // 3.5) المالك بيخرج وبينقل الملكية لعضو\n        || (request.auth.uid == resource.data.owner\n          && request.resource.data.diff(resource.data).affectedKeys().hasOnly(['owner','members','admins'])\n          && request.resource.data.owner != request.auth.uid\n          && request.resource.data.owner in resource.data.members\n          && request.resource.data.owner in request.resource.data.admins\n          && !(request.auth.uid in request.resource.data.members)\n          && !(request.auth.uid in request.resource.data.admins)\n          && request.resource.data.members.hasOnly(resource.data.members)\n          && request.resource.data.members.size() == resource.data.members.size() - 1)\n        // 3.7) قبول دعوة مشرف (التوكن لازم يكون موجود، وبيتمسح في نفس العملية فمينفعش يتستخدم مرتين)\n        || (gm(resource.data)\n          && request.resource.data.diff(resource.data).affectedKeys().hasOnly(['admins'])\n          && request.auth.uid in request.resource.data.admins\n          && request.resource.data.admins.hasAll(resource.data.admins)\n          && request.resource.data.admins.size() == resource.data.admins.size() + 1\n          && (resource.data.kind == 'group' || request.resource.data.admins.size() <= 16)\n          && exists(/databases/$(db)/documents/groups/$(gid)/adminInvites/$(getAfter(/databases/$(db)/documents/groups/$(gid)/adminAccepts/$(request.auth.uid)).data.t)))\n        // 4) تحديث آخر رسالة (الأعضاء في المجموعات، والمشرفين في القنوات)\n        || (gm(resource.data)\n          && request.resource.data.diff(resource.data).affectedKeys().hasOnly(['lastText','lastAt','lastUid','lastName'])\n          && ((resource.data.kind == 'group' && resource.data.get('sendAdmins', false) == false) || gAdmin(resource.data)))\n      );\n      allow delete: if signedIn() && request.auth.uid == resource.data.owner;\n    }\n\n    // دليل القنوات العامة فقط؛ لا يحتوي members أو admins.\n    match /groupDirectory/{gid} {\n      allow get, list: if signedIn();\n      allow create: if signedIn() && request.auth.uid == request.resource.data.owner\n        && request.resource.data.keys().hasOnly(['kind','name','desc','photo','owner','public','verified','joinOpen','handle','createdAt','lastText','lastAt','lastUid'])\n        && request.resource.data.kind in ['group','channel']\n        && ((request.resource.data.kind == 'channel' && request.resource.data.public == true) || request.resource.data.public == false)\n        && (existsAfter(/databases/$(db)/documents/groups/$(gid))\n          ? getAfter(/databases/$(db)/documents/groups/$(gid)).data.owner == request.auth.uid : false);\n      allow update: if signedIn() && resource.data.owner == request.auth.uid\n        && request.auth.uid == request.resource.data.owner\n        && request.resource.data.keys().hasOnly(['kind','name','desc','photo','owner','public','verified','joinOpen','handle','createdAt','lastText','lastAt','lastUid'])\n        && get(/databases/$(db)/documents/groups/$(gid)).data.owner == request.auth.uid;\n      allow delete: if signedIn() && (request.auth.uid == resource.data.owner || isOwner());\n    }\n\n    // مفتاح رابط الدعوة (الأعضاء بس يقروه، والمشرف يغيّره = إعادة تعيين الرابط)\n    match /groups/{gid}/secret/{d} {\n      function G() { return get(/databases/$(db)/documents/groups/$(gid)).data; }\n      allow read: if signedIn() && d == 'invite' && request.auth.uid in G().members;\n      allow create, update: if signedIn() && d == 'invite'\n        && request.resource.data.keys().hasOnly(['key'])\n        && request.resource.data.key is string && request.resource.data.key.size() >= 12 && request.resource.data.key.size() <= 40\n        && (gAdmin(G()) || getAfter(/databases/$(db)/documents/groups/$(gid)).data.owner == request.auth.uid);\n    }\n    // إثبات إن العضو الجديد معاه المفتاح (بيتكتب في نفس العملية مع الانضمام)\n    match /groups/{gid}/invites/{u} {\n      allow create, update: if signedIn() && notBanned() && request.auth.uid == u\n        && request.resource.data.keys().hasOnly(['k']) && request.resource.data.k is string && request.resource.data.k.size() <= 40;\n      allow read, delete: if signedIn() && request.auth.uid == u;\n    }\n    // روابط دعوة المشرف (المالك بس بيعملها)\n    match /groups/{gid}/adminInvites/{t} {\n      function G() { return get(/databases/$(db)/documents/groups/$(gid)).data; }\n      allow create: if signedIn() && G().owner == request.auth.uid && t.matches('^[A-Za-z0-9]{16,40}$')\n        && request.resource.data.keys().hasOnly(['at']);\n      allow read: if signedIn() && G().owner == request.auth.uid;\n      allow delete: if signedIn() && (G().owner == request.auth.uid\n        || getAfter(/databases/$(db)/documents/groups/$(gid)/adminAccepts/$(request.auth.uid)).data.t == t);\n    }\n    match /groups/{gid}/adminAccepts/{u} {\n      allow create, update: if signedIn() && notBanned() && request.auth.uid == u\n        && request.resource.data.keys().hasOnly(['t']) && request.resource.data.t is string && request.resource.data.t.size() <= 40;\n      allow read, delete: if signedIn() && request.auth.uid == u;\n    }\n\n    // طلبات الانضمام (للمجموعات اللي فيها \"الموافقة على الأعضاء الجدد\")\n    match /groups/{gid}/requests/{uid} {\n      function G() { return get(/databases/$(db)/documents/groups/$(gid)).data; }\n      allow create: if signedIn() && notBanned() && request.auth.uid == uid\n        && G().get('joinOpen', false) == true && G().get('approve', false) == true && !(uid in G().members) && !(uid in G().get('banned', [])) && inviteOk(gid, G())\n        && request.resource.data.keys().hasOnly(['at','name']);\n      allow read, delete: if signedIn() && (request.auth.uid == uid || gAdmin(G()));\n    }\n\n    match /groups/{gid}/messages/{m} {\n      function G() { return get(/databases/$(db)/documents/groups/$(gid)).data; }\n      allow read: if signedIn() && (request.auth.uid in G().members || (G().get('public', false) == true && G().kind == 'channel'));\n      allow create: if signedIn() && notBanned() && request.auth.uid in G().members\n        && (!(request.auth.uid in G().get('muted', {})) || G().get('muted', {})[request.auth.uid] < request.time.toMillis())\n        && ((G().kind == 'group' && G().get('sendAdmins', false) == false) || request.auth.uid == G().owner || request.auth.uid in G().admins)\n        && request.resource.data.keys().hasOnly(['uid','text','at','reply','img','loc','fwd','poll'])\n        && request.resource.data.uid == request.auth.uid\n        && request.resource.data.get('text', '') is string\n        && request.resource.data.get('text', '').size() <= 2000\n        && (request.resource.data.get('text', '').size() > 0 || 'img' in request.resource.data || 'loc' in request.resource.data || 'poll' in request.resource.data)\n        && (!('poll' in request.resource.data) || (request.resource.data.poll.keys().hasOnly(['q','o'])\n              && request.resource.data.poll.q is string && request.resource.data.poll.q.size() >= 1 && request.resource.data.poll.q.size() <= 200\n              && request.resource.data.poll.o is list && request.resource.data.poll.o.size() >= 2 && request.resource.data.poll.o.size() <= 12))\n        && request.resource.data.get('img', '').size() < 400000;\n      allow update: if (signedIn() && resource.data.uid == request.auth.uid\n        && request.resource.data.diff(resource.data).affectedKeys().hasOnly(['deleted','text','img','loc','reply'])\n        && request.resource.data.deleted == true)\n        // تعديل منشور: صاحبه فقط، والنص لا يتجاوز 2000 حرف\n        || (signedIn() && resource.data.uid == request.auth.uid\n          && request.resource.data.diff(resource.data).affectedKeys().hasOnly(['text'])\n          && request.resource.data.text is string && request.resource.data.text.size() > 0 && request.resource.data.text.size() <= 2000)\n        // تفاعل بإيموجي: العضو يعدّل خانته هو بس جوه reactions\n        || (signedIn() && request.auth.uid in G().members && G().get('noReact', false) == false\n          && request.resource.data.diff(resource.data).affectedKeys().hasOnly(['reactions'])\n          && request.resource.data.reactions is map\n          && request.resource.data.reactions.diff(resource.data.get('reactions', {})).affectedKeys().hasOnly([request.auth.uid]))\n        // تصويت في استفتاء: العضو يعدّل صوته هو بس\n        || (signedIn() && request.auth.uid in G().members && 'poll' in resource.data\n          && request.resource.data.diff(resource.data).affectedKeys().hasOnly(['votes'])\n          && request.resource.data.votes.diff(resource.data.get('votes', {})).affectedKeys().hasOnly([request.auth.uid])\n          && (!(request.auth.uid in request.resource.data.votes)\n              || (request.resource.data.votes[request.auth.uid] is int\n                  && request.resource.data.votes[request.auth.uid] >= 0\n                  && request.resource.data.votes[request.auth.uid] < resource.data.poll.o.size())));\n      allow delete: if signedIn() && (resource.data.uid == request.auth.uid\n        || (request.auth.uid in G().members && (request.auth.uid == G().owner || request.auth.uid in G().admins)));\n    }\n\n    // إيصالات القراءة: لا يكتبها إلا القارئ نفسه، ولا يقرأها إلا مرسل الرسالة أو مشرف المجموعة/القناة أو طرف الخاص\n    match /groups/{gid}/messages/{m}/receipts/{uid} {\n      function G() { return get(/databases/$(db)/documents/groups/$(gid)).data; }\n      function M() { return get(/databases/$(db)/documents/groups/$(gid)/messages/$(m)).data; }\n      allow create, update: if signedIn() && uid == request.auth.uid && uid in G().members && request.resource.data.keys().hasOnly(['uid','at']);\n      allow read: if signedIn() && (request.auth.uid == M().uid || request.auth.uid == G().owner || request.auth.uid in G().admins);\n    }\n    match /chats/{chatId}/messages/{m}/receipts/{uid} {\n      function M() { return get(/databases/$(db)/documents/chats/$(chatId)/messages/$(m)).data; }\n      allow create, update: if signedIn() && uid == request.auth.uid && (chatId == 'public' || (chatId.split('_')[0] == request.auth.uid || chatId.split('_')[1] == request.auth.uid)) && request.resource.data.keys().hasOnly(['uid','at']);\n      allow read: if signedIn() && (chatId == 'public' ? (request.auth.uid == M().uid || isOwner()) : (chatId.split('_')[0] == request.auth.uid || chatId.split('_')[1] == request.auth.uid));\n    }\n    // إحصائيات مجهّلة: كل عضو يكتب سجله فقط، والمشرفون يقرؤون التجميع\n    match /groups/{gid}/analytics/{uid} {\n      function G() { return get(/databases/$(db)/documents/groups/$(gid)).data; }\n      allow create, update: if signedIn() && uid == request.auth.uid && uid in G().members\n        && request.resource.data.keys().hasOnly(['uid','opens','lastOpen','firstOpen'])\n        && request.resource.data.uid == uid && request.resource.data.opens is int;\n      allow read, list: if signedIn() && (request.auth.uid == G().owner || request.auth.uid in G().admins);\n    }\n\n    match /handles/{h} {\n      allow get: if signedIn();\n      allow list: if isOwner();\n      allow create: if signedIn() && h.matches('^[a-z0-9_]{3,20}$')\n        && request.resource.data.keys().hasOnly(['gid','owner'])\n        && request.resource.data.owner == request.auth.uid\n        && getAfter(/databases/$(db)/documents/groups/$(request.resource.data.gid)).data.owner == request.auth.uid;\n      allow delete: if signedIn() && (resource.data.owner == request.auth.uid\n        || get(/databases/$(db)/documents/groups/$(resource.data.gid)).data.owner == request.auth.uid);\n    }\n\n    match /reports/{id} {\n      allow create: if signedIn() && request.resource.data.reporter == request.auth.uid\n        && request.resource.data.keys().hasOnly(['reporter','kind','chatId','messageId','targetUid','text','at'])\n        && request.resource.data.text is string && request.resource.data.text.size() <= 200;\n      allow read, delete: if isOwner();\n    }\n\n    // ---------- إحصائيات الزيارات ----------\n    match /stats/{d} {\n      allow read: if isOwner();\n      allow create: if signedIn() && request.resource.data.keys().hasOnly(['visits']) && request.resource.data.visits == 1;\n      allow update: if signedIn() && request.resource.data.diff(resource.data).affectedKeys().hasOnly(['visits'])\n        && request.resource.data.visits == resource.data.visits + 1;\n    }\n\n    // ---------- سجل الدخول ----------\n    match /logins/{id} {\n      allow read: if isOwner();\n      allow create: if signedIn() && request.resource.data.uid == request.auth.uid\n        && request.resource.data.keys().hasOnly(['uid','name','at']);\n    }\n  }\n}\n"}]}}
[debug] [2026-10-07T20:02:08.652Z] Oct 07, 2026 8:02:08 PM io.gapi.emulators.netty.HttpVersionRoutingHandler channelRead
INFO: Detected non-HTTP/2 connection.
 {"metadata":{"emulator":{"name":"firestore"},"message":"Oct 07, 2026 8:02:08 PM io.gapi.emulators.netty.HttpVersionRoutingHandler channelRead\nINFO: Detected non-HTTP/2 connection.\n"}}
[debug] [2026-10-07T20:02:08.837Z] <<< [apiv2][status] PUT http://127.0.0.1:8080/emulator/v1/projects/demo-es-chat:securityRules 200
[debug] [2026-10-07T20:02:08.838Z] <<< [apiv2][body] PUT http://127.0.0.1:8080/emulator/v1/projects/demo-es-chat:securityRules {}
[info] ✔  firestore: Rules updated. 
[debug] [2026-10-07T20:02:16.192Z] Oct 07, 2026 8:02:16 PM io.gapi.emulators.netty.HttpVersionRoutingHandler channelRead
INFO: Detected non-HTTP/2 connection.
 {"metadata":{"emulator":{"name":"firestore"},"message":"Oct 07, 2026 8:02:16 PM io.gapi.emulators.netty.HttpVersionRoutingHandler channelRead\nINFO: Detected non-HTTP/2 connection.\n"}}
[debug] [2026-10-07T20:02:16.465Z] Oct 07, 2026 8:02:16 PM io.gapi.emulators.netty.HttpVersionRoutingHandler channelRead
INFO: Detected HTTP/2 connection.
 {"metadata":{"emulator":{"name":"firestore"},"message":"Oct 07, 2026 8:02:16 PM io.gapi.emulators.netty.HttpVersionRoutingHandler channelRead\nINFO: Detected HTTP/2 connection.\n"}}
[debug] [2026-10-07T20:02:16.543Z] Oct 07, 2026 8:02:16 PM io.gapi.emulators.netty.HttpVersionRoutingHandler channelRead
INFO: Detected HTTP/2 connection.
 {"metadata":{"emulator":{"name":"firestore"},"message":"Oct 07, 2026 8:02:16 PM io.gapi.emulators.netty.HttpVersionRoutingHandler channelRead\nINFO: Detected HTTP/2 connection.\n"}}
[debug] [2026-10-07T20:02:16.627Z] Oct 07, 2026 8:02:16 PM com.google.cloud.datastore.emulator.impl.util.WrappedStreamObserver onError
WARNING: Operation failed: 
false for 'create' @ L111, evaluation error at L133:24 for 'update' @ L133, false for 'create' @ L111
com.google.cloud.datastore.core.exception.DatastoreException: 
false for 'create' @ L111, evaluation error at L133:24 for 'update' @ L133, false for 'create' @ L111
	at com.google.cloud.datastore.core.exception.DatastoreException$Builder.build(DatastoreException.java:152)
	at com.google.cloud.datastore.emulator.impl.rules.DefaultEmulatorRulesAuthorizer.verboseError(DefaultEmulatorRulesAuthorizer.java:349)
	at com.google.cloud.datastore.emulator.impl.rules.DefaultEmulatorRulesAuthorizer.withVerboseErrors(DefaultEmulatorRulesAuthorizer.java:326)
	at com.google.cloud.datastore.emulator.impl.rules.DefaultEmulatorRulesAuthorizer.checkCommit(DefaultEmulatorRulesAuthorizer.java:113)
	at com.google.cloud.datastore.emulator.impl.firestore.FirestoreEmulatorHelper.commitHelper(FirestoreEmulatorHelper.java:407)
	at com.google.cloud.datastore.emulator.impl.firestore.FirestoreEmulatorHelper.internalCommit(FirestoreEmulatorHelper.java:348)
	at com.google.cloud.datastore.emulator.impl.firestore.CloudFirestoreV1.internalCommit(CloudFirestoreV1.java:1336)
	at com.google.cloud.datastore.emulator.impl.firestore.CloudFirestoreV1.write(CloudFirestoreV1.java:1321)
	at com.google.cloud.datastore.emulator.impl.firestore.CloudFirestoreV1WriteStream.handleRequest(CloudFirestoreV1WriteStream.java:222)
	at com.google.cloud.datastore.emulator.impl.firestore.CloudFirestoreV1WriteStream.write(CloudFirestoreV1WriteStream.java:144)
	at com.google.cloud.datastore.emulator.impl.firestore.CloudFirestoreV1WriteStream.onNext(CloudFirestoreV1WriteStream.java:99)
	at com.google.cloud.datastore.emulator.impl.firestore.CloudFirestoreV1WriteStream.onNext(CloudFirestoreV1WriteStream.java:27)
	at io.grpc.stub.ServerCalls$StreamingServerCallHandler$StreamingServerCallListener.onMessage(ServerCalls.java:262)
	at io.grpc.ForwardingServerCallListener.onMessage(ForwardingServerCallListener.java:33)
	at io.grpc.Contexts$ContextualizedServerCallListener.onMessage(Contexts.java:76)
	at io.grpc.ForwardingServerCallListener.onMessage(ForwardingServerCallListener.java:33)
	at io.grpc.Contexts$ContextualizedServerCallListener.onMessage(Contexts.java:76)
	at io.grpc.internal.ServerCallImpl$ServerStreamListenerImpl.messagesAvailableInternal(ServerCallImpl.java:334)
	at io.grpc.internal.ServerCallImpl$ServerStreamListenerImpl.messagesAvailable(ServerCallImpl.java:319)
	at io.grpc.internal.ServerImpl$JumpToApplicationThreadServerStreamListener$1MessagesAvailable.runInContext(ServerImpl.java:852)
	at io.grpc.internal.ContextRunnable.run(ContextRunnable.java:37)
	at io.grpc.internal.SerializingExecutor.run(SerializingExecutor.java:133)
	at java.base/java.util.concurrent.ThreadPoolExecutor.runWorker(ThreadPoolExecutor.java:1144)
	at java.base/java.util.concurrent.ThreadPoolExecutor$Worker.run(ThreadPoolExecutor.java:642)
	at java.base/java.lang.Thread.run(Thread.java:1583)

 {"metadata":{"emulator":{"name":"firestore"},"message":"Oct 07, 2026 8:02:16 PM com.google.cloud.datastore.emulator.impl.util.WrappedStreamObserver onError\nWARNING: Operation failed: \nfalse for 'create' @ L111, evaluation error at L133:24 for 'update' @ L133, false for 'create' @ L111\ncom.google.cloud.datastore.core.exception.DatastoreException: \nfalse for 'create' @ L111, evaluation error at L133:24 for 'update' @ L133, false for 'create' @ L111\n\tat com.google.cloud.datastore.core.exception.DatastoreException$Builder.build(DatastoreException.java:152)\n\tat com.google.cloud.datastore.emulator.impl.rules.DefaultEmulatorRulesAuthorizer.verboseError(DefaultEmulatorRulesAuthorizer.java:349)\n\tat com.google.cloud.datastore.emulator.impl.rules.DefaultEmulatorRulesAuthorizer.withVerboseErrors(DefaultEmulatorRulesAuthorizer.java:326)\n\tat com.google.cloud.datastore.emulator.impl.rules.DefaultEmulatorRulesAuthorizer.checkCommit(DefaultEmulatorRulesAuthorizer.java:113)\n\tat com.google.cloud.datastore.emulator.impl.firestore.FirestoreEmulatorHelper.commitHelper(FirestoreEmulatorHelper.java:407)\n\tat com.google.cloud.datastore.emulator.impl.firestore.FirestoreEmulatorHelper.internalCommit(FirestoreEmulatorHelper.java:348)\n\tat com.google.cloud.datastore.emulator.impl.firestore.CloudFirestoreV1.internalCommit(CloudFirestoreV1.java:1336)\n\tat com.google.cloud.datastore.emulator.impl.firestore.CloudFirestoreV1.write(CloudFirestoreV1.java:1321)\n\tat com.google.cloud.datastore.emulator.impl.firestore.CloudFirestoreV1WriteStream.handleRequest(CloudFirestoreV1WriteStream.java:222)\n\tat com.google.cloud.datastore.emulator.impl.firestore.CloudFirestoreV1WriteStream.write(CloudFirestoreV1WriteStream.java:144)\n\tat com.google.cloud.datastore.emulator.impl.firestore.CloudFirestoreV1WriteStream.onNext(CloudFirestoreV1WriteStream.java:99)\n\tat com.google.cloud.datastore.emulator.impl.firestore.CloudFirestoreV1WriteStream.onNext(CloudFirestoreV1WriteStream.java:27)\n\tat io.grpc.stub.ServerCalls$StreamingServerCallHandler$StreamingServerCallListener.onMessage(ServerCalls.java:262)\n\tat io.grpc.ForwardingServerCallListener.onMessage(ForwardingServerCallListener.java:33)\n\tat io.grpc.Contexts$ContextualizedServerCallListener.onMessage(Contexts.java:76)\n\tat io.grpc.ForwardingServerCallListener.onMessage(ForwardingServerCallListener.java:33)\n\tat io.grpc.Contexts$ContextualizedServerCallListener.onMessage(Contexts.java:76)\n\tat io.grpc.internal.ServerCallImpl$ServerStreamListenerImpl.messagesAvailableInternal(ServerCallImpl.java:334)\n\tat io.grpc.internal.ServerCallImpl$ServerStreamListenerImpl.messagesAvailable(ServerCallImpl.java:319)\n\tat io.grpc.internal.ServerImpl$JumpToApplicationThreadServerStreamListener$1MessagesAvailable.runInContext(ServerImpl.java:852)\n\tat io.grpc.internal.ContextRunnable.run(ContextRunnable.java:37)\n\tat io.grpc.internal.SerializingExecutor.run(SerializingExecutor.java:133)\n\tat java.base/java.util.concurrent.ThreadPoolExecutor.runWorker(ThreadPoolExecutor.java:1144)\n\tat java.base/java.util.concurrent.ThreadPoolExecutor$Worker.run(ThreadPoolExecutor.java:642)\n\tat java.base/java.lang.Thread.run(Thread.java:1583)\n\n"}}
[debug] [2026-10-07T20:02:16.659Z] Oct 07, 2026 8:02:16 PM com.google.cloud.datastore.emulator.impl.util.WrappedStreamObserver onError
WARNING: Operation failed: 
evaluation error at L133:24 for 'update' @ L133, false for 'update' @ L133
com.google.cloud.datastore.core.exception.DatastoreException: 
evaluation error at L133:24 for 'update' @ L133, false for 'update' @ L133
	at com.google.cloud.datastore.core.exception.DatastoreException$Builder.build(DatastoreException.java:152)
	at com.google.cloud.datastore.emulator.impl.rules.DefaultEmulatorRulesAuthorizer.verboseError(DefaultEmulatorRulesAuthorizer.java:349)
	at com.google.cloud.datastore.emulator.impl.rules.DefaultEmulatorRulesAuthorizer.withVerboseErrors(DefaultEmulatorRulesAuthorizer.java:326)
	at com.google.cloud.datastore.emulator.impl.rules.DefaultEmulatorRulesAuthorizer.checkCommit(DefaultEmulatorRulesAuthorizer.java:113)
	at com.google.cloud.datastore.emulator.impl.firestore.FirestoreEmulatorHelper.commitHelper(FirestoreEmulatorHelper.java:407)
	at com.google.cloud.datastore.emulator.impl.firestore.FirestoreEmulatorHelper.internalCommit(FirestoreEmulatorHelper.java:348)
	at com.google.cloud.datastore.emulator.impl.firestore.CloudFirestoreV1.internalCommit(CloudFirestoreV1.java:1336)
	at com.google.cloud.datastore.emulator.impl.firestore.CloudFirestoreV1.write(CloudFirestoreV1.java:1321)
	at com.google.cloud.datastore.emulator.impl.firestore.CloudFirestoreV1WriteStream.handleRequest(CloudFirestoreV1WriteStream.java:222)
	at com.google.cloud.datastore.emulator.impl.firestore.CloudFirestoreV1WriteStream.write(CloudFirestoreV1WriteStream.java:144)
	at com.google.cloud.datastore.emulator.impl.firestore.CloudFirestoreV1WriteStream.onNext(CloudFirestoreV1WriteStream.java:99)
	at com.google.cloud.datastore.emulator.impl.firestore.CloudFirestoreV1WriteStream.onNext(CloudFirestoreV1WriteStream.java:27)
	at io.grpc.stub.ServerCalls$StreamingServerCallHandler$StreamingServerCallListener.onMessage(ServerCalls.java:262)
	at io.grpc.ForwardingServerCallListener.onMessage(ForwardingServerCallListener.java:33)
	at io.grpc.Contexts$ContextualizedServerCallListener.onMessage(Contexts.java:76)
	at io.grpc.ForwardingServerCallListener.onMessage(ForwardingServerCallListener.java:33)
	at io.grpc.Contexts$ContextualizedServerCallListener.onMessage(Contexts.java:76)
	at io.grpc.internal.ServerCallImpl$ServerStreamListenerImpl.messagesAvailableInternal(ServerCallImpl.java:334)
	at io.grpc.internal.ServerCallImpl$ServerStreamListenerImpl.messagesAvailable(ServerCallImpl.java:319)
	at io.grpc.internal.ServerImpl$JumpToApplicationThreadServerStreamListener$1MessagesAvailable.runInContext(ServerImpl.java:852)
	at io.grpc.internal.ContextRunnable.run(ContextRunnable.java:37)
	at io.grpc.internal.SerializingExecutor.run(SerializingExecutor.java:133)
	at java.base/java.util.concurrent.ThreadPoolExecutor.runWorker(ThreadPoolExecutor.java:1144)
	at java.base/java.util.concurrent.ThreadPoolExecutor$Worker.run(ThreadPoolExecutor.java:642)
	at java.base/java.lang.Thread.run(Thread.java:1583)

 {"metadata":{"emulator":{"name":"firestore"},"message":"Oct 07, 2026 8:02:16 PM com.google.cloud.datastore.emulator.impl.util.WrappedStreamObserver onError\nWARNING: Operation failed: \nevaluation error at L133:24 for 'update' @ L133, false for 'update' @ L133\ncom.google.cloud.datastore.core.exception.DatastoreException: \nevaluation error at L133:24 for 'update' @ L133, false for 'update' @ L133\n\tat com.google.cloud.datastore.core.exception.DatastoreException$Builder.build(DatastoreException.java:152)\n\tat com.google.cloud.datastore.emulator.impl.rules.DefaultEmulatorRulesAuthorizer.verboseError(DefaultEmulatorRulesAuthorizer.java:349)\n\tat com.google.cloud.datastore.emulator.impl.rules.DefaultEmulatorRulesAuthorizer.withVerboseErrors(DefaultEmulatorRulesAuthorizer.java:326)\n\tat com.google.cloud.datastore.emulator.impl.rules.DefaultEmulatorRulesAuthorizer.checkCommit(DefaultEmulatorRulesAuthorizer.java:113)\n\tat com.google.cloud.datastore.emulator.impl.firestore.FirestoreEmulatorHelper.commitHelper(FirestoreEmulatorHelper.java:407)\n\tat com.google.cloud.datastore.emulator.impl.firestore.FirestoreEmulatorHelper.internalCommit(FirestoreEmulatorHelper.java:348)\n\tat com.google.cloud.datastore.emulator.impl.firestore.CloudFirestoreV1.internalCommit(CloudFirestoreV1.java:1336)\n\tat com.google.cloud.datastore.emulator.impl.firestore.CloudFirestoreV1.write(CloudFirestoreV1.java:1321)\n\tat com.google.cloud.datastore.emulator.impl.firestore.CloudFirestoreV1WriteStream.handleRequest(CloudFirestoreV1WriteStream.java:222)\n\tat com.google.cloud.datastore.emulator.impl.firestore.CloudFirestoreV1WriteStream.write(CloudFirestoreV1WriteStream.java:144)\n\tat com.google.cloud.datastore.emulator.impl.firestore.CloudFirestoreV1WriteStream.onNext(CloudFirestoreV1WriteStream.java:99)\n\tat com.google.cloud.datastore.emulator.impl.firestore.CloudFirestoreV1WriteStream.onNext(CloudFirestoreV1WriteStream.java:27)\n\tat io.grpc.stub.ServerCalls$StreamingServerCallHandler$StreamingServerCallListener.onMessage(ServerCalls.java:262)\n\tat io.grpc.ForwardingServerCallListener.onMessage(ForwardingServerCallListener.java:33)\n\tat io.grpc.Contexts$ContextualizedServerCallListener.onMessage(Contexts.java:76)\n\tat io.grpc.ForwardingServerCallListener.onMessage(ForwardingServerCallListener.java:33)\n\tat io.grpc.Contexts$ContextualizedServerCallListener.onMessage(Contexts.java:76)\n\tat io.grpc.internal.ServerCallImpl$ServerStreamListenerImpl.messagesAvailableInternal(ServerCallImpl.java:334)\n\tat io.grpc.internal.ServerCallImpl$ServerStreamListenerImpl.messagesAvailable(ServerCallImpl.java:319)\n\tat io.grpc.internal.ServerImpl$JumpToApplicationThreadServerStreamListener$1MessagesAvailable.runInContext(ServerImpl.java:852)\n\tat io.grpc.internal.ContextRunnable.run(ContextRunnable.java:37)\n\tat io.grpc.internal.SerializingExecutor.run(SerializingExecutor.java:133)\n\tat java.base/java.util.concurrent.ThreadPoolExecutor.runWorker(ThreadPoolExecutor.java:1144)\n\tat java.base/java.util.concurrent.ThreadPoolExecutor$Worker.run(ThreadPoolExecutor.java:642)\n\tat java.base/java.lang.Thread.run(Thread.java:1583)\n\n"}}
[debug] [2026-10-07T20:02:16.672Z] Oct 07, 2026 8:02:16 PM com.google.cloud.datastore.emulator.impl.util.WrappedStreamObserver onError
WARNING: Operation failed: 
evaluation error at L256:24 for 'create' @ L256, evaluation error at L262:24 for 'update' @ L262, false for 'create' @ L256
com.google.cloud.datastore.core.exception.DatastoreException: 
evaluation error at L256:24 for 'create' @ L256, evaluation error at L262:24 for 'update' @ L262, false for 'create' @ L256
	at com.google.cloud.datastore.core.exception.DatastoreException$Builder.build(DatastoreException.java:152)
	at com.google.cloud.datastore.emulator.impl.rules.DefaultEmulatorRulesAuthorizer.verboseError(DefaultEmulatorRulesAuthorizer.java:349)
	at com.google.cloud.datastore.emulator.impl.rules.DefaultEmulatorRulesAuthorizer.withVerboseErrors(DefaultEmulatorRulesAuthorizer.java:326)
	at com.google.cloud.datastore.emulator.impl.rules.DefaultEmulatorRulesAuthorizer.checkCommit(DefaultEmulatorRulesAuthorizer.java:113)
	at com.google.cloud.datastore.emulator.impl.firestore.FirestoreEmulatorHelper.commitHelper(FirestoreEmulatorHelper.java:407)
	at com.google.cloud.datastore.emulator.impl.firestore.FirestoreEmulatorHelper.internalCommit(FirestoreEmulatorHelper.java:348)
	at com.google.cloud.datastore.emulator.impl.firestore.CloudFirestoreV1.internalCommit(CloudFirestoreV1.java:1336)
	at com.google.cloud.datastore.emulator.impl.firestore.CloudFirestoreV1.write(CloudFirestoreV1.java:1321)
	at com.google.cloud.datastore.emulator.impl.firestore.CloudFirestoreV1WriteStream.handleRequest(CloudFirestoreV1WriteStream.java:222)
	at com.google.cloud.datastore.emulator.impl.firestore.CloudFirestoreV1WriteStream.write(CloudFirestoreV1WriteStream.java:144)
	at com.google.cloud.datastore.emulator.impl.firestore.CloudFirestoreV1WriteStream.onNext(CloudFirestoreV1WriteStream.java:99)
	at com.google.cloud.datastore.emulator.impl.firestore.CloudFirestoreV1WriteStream.onNext(CloudFirestoreV1WriteStream.java:27)
	at io.grpc.stub.ServerCalls$StreamingServerCallHandler$StreamingServerCallListener.onMessage(ServerCalls.java:262)
	at io.grpc.ForwardingServerCallListener.onMessage(ForwardingServerCallListener.java:33)
	at io.grpc.Contexts$ContextualizedServerCallListener.onMessage(Contexts.java:76)
	at io.grpc.ForwardingServerCallListener.onMessage(ForwardingServerCallListener.java:33)
	at io.grpc.Contexts$ContextualizedServerCallListener.onMessage(Contexts.java:76)
	at io.grpc.internal.ServerCallImpl$ServerStreamListenerImpl.messagesAvailableInternal(ServerCallImpl.java:334)
	at io.grpc.internal.ServerCallImpl$ServerStreamListenerImpl.messagesAvailable(ServerCallImpl.java:319)
	at io.grpc.internal.ServerImpl$JumpToApplicationThreadServerStreamListener$1MessagesAvailable.runInContext(ServerImpl.java:852)
	at io.grpc.internal.ContextRunnable.run(ContextRunnable.java:37)
	at io.grpc.internal.SerializingExecutor.run(SerializingExecutor.java:133)
	at java.base/java.util.concurrent.ThreadPoolExecutor.runWorker(ThreadPoolExecutor.java:1144)
	at java.base/java.util.concurrent.ThreadPoolExecutor$Worker.run(ThreadPoolExecutor.java:642)
	at java.base/java.lang.Thread.run(Thread.java:1583)

 {"metadata":{"emulator":{"name":"firestore"},"message":"Oct 07, 2026 8:02:16 PM com.google.cloud.datastore.emulator.impl.util.WrappedStreamObserver onError\nWARNING: Operation failed: \nevaluation error at L256:24 for 'create' @ L256, evaluation error at L262:24 for 'update' @ L262, false for 'create' @ L256\ncom.google.cloud.datastore.core.exception.DatastoreException: \nevaluation error at L256:24 for 'create' @ L256, evaluation error at L262:24 for 'update' @ L262, false for 'create' @ L256\n\tat com.google.cloud.datastore.core.exception.DatastoreException$Builder.build(DatastoreException.java:152)\n\tat com.google.cloud.datastore.emulator.impl.rules.DefaultEmulatorRulesAuthorizer.verboseError(DefaultEmulatorRulesAuthorizer.java:349)\n\tat com.google.cloud.datastore.emulator.impl.rules.DefaultEmulatorRulesAuthorizer.withVerboseErrors(DefaultEmulatorRulesAuthorizer.java:326)\n\tat com.google.cloud.datastore.emulator.impl.rules.DefaultEmulatorRulesAuthorizer.checkCommit(DefaultEmulatorRulesAuthorizer.java:113)\n\tat com.google.cloud.datastore.emulator.impl.firestore.FirestoreEmulatorHelper.commitHelper(FirestoreEmulatorHelper.java:407)\n\tat com.google.cloud.datastore.emulator.impl.firestore.FirestoreEmulatorHelper.internalCommit(FirestoreEmulatorHelper.java:348)\n\tat com.google.cloud.datastore.emulator.impl.firestore.CloudFirestoreV1.internalCommit(CloudFirestoreV1.java:1336)\n\tat com.google.cloud.datastore.emulator.impl.firestore.CloudFirestoreV1.write(CloudFirestoreV1.java:1321)\n\tat com.google.cloud.datastore.emulator.impl.firestore.CloudFirestoreV1WriteStream.handleRequest(CloudFirestoreV1WriteStream.java:222)\n\tat com.google.cloud.datastore.emulator.impl.firestore.CloudFirestoreV1WriteStream.write(CloudFirestoreV1WriteStream.java:144)\n\tat com.google.cloud.datastore.emulator.impl.firestore.CloudFirestoreV1WriteStream.onNext(CloudFirestoreV1WriteStream.java:99)\n\tat com.google.cloud.datastore.emulator.impl.firestore.CloudFirestoreV1WriteStream.onNext(CloudFirestoreV1WriteStream.java:27)\n\tat io.grpc.stub.ServerCalls$StreamingServerCallHandler$StreamingServerCallListener.onMessage(ServerCalls.java:262)\n\tat io.grpc.ForwardingServerCallListener.onMessage(ForwardingServerCallListener.java:33)\n\tat io.grpc.Contexts$ContextualizedServerCallListener.onMessage(Contexts.java:76)\n\tat io.grpc.ForwardingServerCallListener.onMessage(ForwardingServerCallListener.java:33)\n\tat io.grpc.Contexts$ContextualizedServerCallListener.onMessage(Contexts.java:76)\n\tat io.grpc.internal.ServerCallImpl$ServerStreamListenerImpl.messagesAvailableInternal(ServerCallImpl.java:334)\n\tat io.grpc.internal.ServerCallImpl$ServerStreamListenerImpl.messagesAvailable(ServerCallImpl.java:319)\n\tat io.grpc.internal.ServerImpl$JumpToApplicationThreadServerStreamListener$1MessagesAvailable.runInContext(ServerImpl.java:852)\n\tat io.grpc.internal.ContextRunnable.run(ContextRunnable.java:37)\n\tat io.grpc.internal.SerializingExecutor.run(SerializingExecutor.java:133)\n\tat java.base/java.util.concurrent.ThreadPoolExecutor.runWorker(ThreadPoolExecutor.java:1144)\n\tat java.base/java.util.concurrent.ThreadPoolExecutor$Worker.run(ThreadPoolExecutor.java:642)\n\tat java.base/java.lang.Thread.run(Thread.java:1583)\n\n"}}
[debug] [2026-10-07T20:02:37.436Z] ----------------------------------------------------------------------
[debug] [2026-10-07T20:02:37.439Z] Command:       /home/ubuntu/.nvm/versions/node/v22.13.0/bin/node /home/ubuntu/.npm/_npx/ba4f1959e38407b5/node_modules/.bin/firebase emulators:start --only firestore --project demo-es-chat --non-interactive
[debug] [2026-10-07T20:02:37.439Z] CLI Version:   15.32.1
[debug] [2026-10-07T20:02:37.439Z] Platform:      linux
[debug] [2026-10-07T20:02:37.439Z] Node Version:  v22.13.0
[debug] [2026-10-07T20:02:37.440Z] Detected Agent: unknown
[debug] [2026-10-07T20:02:37.440Z] Time:          Wed Oct 07 2026 20:02:37 GMT+0000 (Coordinated Universal Time)
[debug] [2026-10-07T20:02:37.440Z] ----------------------------------------------------------------------
[debug] 
[debug] [2026-10-07T20:02:39.362Z] openjdk version "21.0.12.1" 2026-08-18

[debug] [2026-10-07T20:02:39.363Z] OpenJDK Runtime Environment (build 21.0.12.1+1-1-24.04.4-Ubuntu)
OpenJDK 64-Bit Server VM (build 21.0.12.1+1-1-24.04.4-Ubuntu, mixed mode, sharing)

[debug] [2026-10-07T20:02:39.367Z] Parsed Java major version: 21
[info] i  emulators: Starting emulators: firestore {"metadata":{"emulator":{"name":"hub"},"message":"Starting emulators: firestore"}}
[info] i  emulators: Detected demo project ID "demo-es-chat", emulated services will use a demo configuration and attempts to access non-emulated services for this project will fail. {"metadata":{"emulator":{"name":"hub"},"message":"Detected demo project ID \"demo-es-chat\", emulated services will use a demo configuration and attempts to access non-emulated services for this project will fail."}}
[debug] [2026-10-07T20:02:39.377Z] [logging] Logging Emulator only supports listening on one address (127.0.0.1). Not listening on ::1
[debug] [2026-10-07T20:02:39.377Z] [firestore] Firestore Emulator only supports listening on one address (127.0.0.1). Not listening on ::1
[debug] [2026-10-07T20:02:39.377Z] [firestore.websocket] websocket server for firestore only supports listening on one address (127.0.0.1). Not listening on ::1
[debug] [2026-10-07T20:02:39.378Z] assigned listening specs for emulators {"user":{"hub":[{"address":"127.0.0.1","family":"IPv4","port":4400},{"address":"::1","family":"IPv6","port":4400}],"ui":[{"address":"127.0.0.1","family":"IPv4","port":4000},{"address":"::1","family":"IPv6","port":4000}],"logging":[{"address":"127.0.0.1","family":"IPv4","port":4500}],"firestore":[{"address":"127.0.0.1","family":"IPv4","port":8080}],"firestore.websocket":[{"address":"127.0.0.1","family":"IPv4","port":9150}]},"metadata":{"message":"assigned listening specs for emulators"}}
[debug] [2026-10-07T20:02:39.381Z] Found emulator hub locator: {"version":"15.32.1","origins":["http://127.0.0.1:4400","http://[::1]:4400"],"pid":8419}
[debug] [2026-10-07T20:02:39.381Z] Write emulator hub locator at /tmp/hub-demo-es-chat.json
[debug] [2026-10-07T20:02:39.387Z] Ignoring unsupported arg: auto_download {"metadata":{"emulator":{"name":"firestore"},"message":"Ignoring unsupported arg: auto_download"}}
[debug] [2026-10-07T20:02:39.387Z] Ignoring unsupported arg: single_project_mode_error {"metadata":{"emulator":{"name":"firestore"},"message":"Ignoring unsupported arg: single_project_mode_error"}}
[debug] [2026-10-07T20:02:39.387Z] Starting Firestore Emulator with command {"binary":"java","args":["-Dgoogle.cloud_firestore.debug_log_level=FINE","-Duser.language=en","-jar","/home/ubuntu/.cache/firebase/emulators/cloud-firestore-emulator-v1.22.0.jar","--host","127.0.0.1","--port",8080,"--websocket_port",9150,"--database-edition","standard","--project_id","demo-es-chat","--rules","/home/ubuntu/ES_Chat_Pro_v9.1/firestore.rules","--single_project_mode",true],"optionalArgs":["port","webchannel_port","host","rules","websocket_port","database-edition","functions_emulator","seed_from_export","project_id","single_project_mode"],"joinArgs":false,"shell":false,"port":8080} {"metadata":{"emulator":{"name":"firestore"},"message":"Starting Firestore Emulator with command {\"binary\":\"java\",\"args\":[\"-Dgoogle.cloud_firestore.debug_log_level=FINE\",\"-Duser.language=en\",\"-jar\",\"/home/ubuntu/.cache/firebase/emulators/cloud-firestore-emulator-v1.22.0.jar\",\"--host\",\"127.0.0.1\",\"--port\",8080,\"--websocket_port\",9150,\"--database-edition\",\"standard\",\"--project_id\",\"demo-es-chat\",\"--rules\",\"/home/ubuntu/ES_Chat_Pro_v9.1/firestore.rules\",\"--single_project_mode\",true],\"optionalArgs\":[\"port\",\"webchannel_port\",\"host\",\"rules\",\"websocket_port\",\"database-edition\",\"functions_emulator\",\"seed_from_export\",\"project_id\",\"single_project_mode\"],\"joinArgs\":false,\"shell\":false,\"port\":8080}"}}
[info] i  firestore: Firestore Emulator logging to firestore-debug.log {"metadata":{"emulator":{"name":"firestore"},"message":"Firestore Emulator logging to \u001b[1mfirestore-debug.log\u001b[22m"}}
[debug] [2026-10-07T20:02:40.798Z] Oct 07, 2026 8:02:40 PM com.google.cloud.datastore.emulator.firestore.websocket.WebSocketServer start
INFO: Started WebSocket server on ws://127.0.0.1:9150
 {"metadata":{"emulator":{"name":"firestore"},"message":"Oct 07, 2026 8:02:40 PM com.google.cloud.datastore.emulator.firestore.websocket.WebSocketServer start\nINFO: Started WebSocket server on ws://127.0.0.1:9150\n"}}
[debug] [2026-10-07T20:02:40.848Z] 
API endpoint: http://127.0.0.1:8080
Database Edition: STANDARD
Database Mode:  {"metadata":{"emulator":{"name":"firestore"},"message":"\nAPI endpoint: http://127.0.0.1:8080\nDatabase Edition: STANDARD\nDatabase Mode: "}}
[debug] [2026-10-07T20:02:40.849Z] CLOUD_FIRESTORE

If you are using a library that supports the FIRESTORE_EMULATOR_HOST environment variable, run:

   export FIRESTORE_EMULATOR_HOST=127.0.0.1:8080

If you are running a Firestore in Datastore Mode project, run:

   export DATASTORE_EMULATOR_HOST=127.0.0.1:8080

Note: Support for Datastore Mode is in preview. If you encounter any bugs please file at https://github.com/firebase/firebase-tools/issues.
Dev App Server is now running.

 {"metadata":{"emulator":{"name":"firestore"},"message":"CLOUD_FIRESTORE\n\nIf you are using a library that supports the FIRESTORE_EMULATOR_HOST environment variable, run:\n\n   export FIRESTORE_EMULATOR_HOST=127.0.0.1:8080\n\nIf you are running a Firestore in Datastore Mode project, run:\n\n   export DATASTORE_EMULATOR_HOST=127.0.0.1:8080\n\nNote: Support for Datastore Mode is in preview. If you encounter any bugs please file at https://github.com/firebase/firebase-tools/issues.\nDev App Server is now running.\n\n"}}
[info] ✔  firestore: Firestore Emulator was started in standard edition. {"metadata":{"emulator":{"name":"firestore"},"message":"Firestore Emulator was started in standard edition."}}
[info] ✔  firestore: Firestore Emulator UI websocket is running on 9150. {"metadata":{"emulator":{"name":"firestore"},"message":"Firestore Emulator UI websocket is running on 9150."}}
[debug] [2026-10-07T20:02:41.034Z] Could not find VSCode notification endpoint: TypeError: fetch failed. If you are not running the Firebase SQL Connect VSCode extension, this is expected and not an issue.
[info] 
┌─────────────────────────────────────────────────────────────┐
│ ✔  All emulators ready! It is now safe to connect your app. │
│ i  View Emulator UI at http://127.0.0.1:4000/               │
└─────────────────────────────────────────────────────────────┘

┌───────────┬────────────────┬─────────────────────────────────┐
│ Emulator  │ Host:Port      │ View in Emulator UI             │
├───────────┼────────────────┼─────────────────────────────────┤
│ Firestore │ 127.0.0.1:8080 │ http://127.0.0.1:4000/firestore │
└───────────┴────────────────┴─────────────────────────────────┘
  Emulator Hub host: 127.0.0.1 port: 4400
  Other reserved ports: 4500, 9150

Issues? Report them at https://github.com/firebase/firebase-tools/issues and attach the *-debug.log files.
 
[debug] [2026-10-07T20:02:52.640Z] Oct 07, 2026 8:02:52 PM io.gapi.emulators.netty.HttpVersionRoutingHandler channelRead
INFO: Detected non-HTTP/2 connection.
 {"metadata":{"emulator":{"name":"firestore"},"message":"Oct 07, 2026 8:02:52 PM io.gapi.emulators.netty.HttpVersionRoutingHandler channelRead\nINFO: Detected non-HTTP/2 connection.\n"}}
[debug] [2026-10-07T20:02:52.839Z] Oct 07, 2026 8:02:52 PM io.gapi.emulators.netty.HttpVersionRoutingHandler channelRead
INFO: Detected HTTP/2 connection.
 {"metadata":{"emulator":{"name":"firestore"},"message":"Oct 07, 2026 8:02:52 PM io.gapi.emulators.netty.HttpVersionRoutingHandler channelRead\nINFO: Detected HTTP/2 connection.\n"}}
[debug] [2026-10-07T20:02:54.800Z] Oct 07, 2026 8:02:54 PM io.gapi.emulators.netty.HttpVersionRoutingHandler channelRead
INFO: Detected HTTP/2 connection.
 {"metadata":{"emulator":{"name":"firestore"},"message":"Oct 07, 2026 8:02:54 PM io.gapi.emulators.netty.HttpVersionRoutingHandler channelRead\nINFO: Detected HTTP/2 connection.\n"}}
[debug] [2026-10-07T20:02:55.036Z] Oct 07, 2026 8:02:55 PM io.gapi.emulators.netty.HttpVersionRoutingHandler channelRead
INFO: Detected HTTP/2 connection.
 {"metadata":{"emulator":{"name":"firestore"},"message":"Oct 07, 2026 8:02:55 PM io.gapi.emulators.netty.HttpVersionRoutingHandler channelRead\nINFO: Detected HTTP/2 connection.\n"}}
[debug] [2026-10-07T20:02:55.379Z] Oct 07, 2026 8:02:55 PM com.google.cloud.datastore.emulator.impl.util.WrappedStreamObserver onError
WARNING: Operation failed: 
false for 'create' @ L111, evaluation error at L133:24 for 'update' @ L133, false for 'create' @ L111
com.google.cloud.datastore.core.exception.DatastoreException: 
false for 'create' @ L111, evaluation error at L133:24 for 'update' @ L133, false for 'create' @ L111
	at com.google.cloud.datastore.core.exception.DatastoreException$Builder.build(DatastoreException.java:152)
	at com.google.cloud.datastore.emulator.impl.rules.DefaultEmulatorRulesAuthorizer.verboseError(DefaultEmulatorRulesAuthorizer.java:349)
	at com.google.cloud.datastore.emulator.impl.rules.DefaultEmulatorRulesAuthorizer.withVerboseErrors(DefaultEmulatorRulesAuthorizer.java:326)
	at com.google.cloud.datastore.emulator.impl.rules.DefaultEmulatorRulesAuthorizer.checkCommit(DefaultEmulatorRulesAuthorizer.java:113)
	at com.google.cloud.datastore.emulator.impl.firestore.FirestoreEmulatorHelper.commitHelper(FirestoreEmulatorHelper.java:407)
	at com.google.cloud.datastore.emulator.impl.firestore.FirestoreEmulatorHelper.internalCommit(FirestoreEmulatorHelper.java:348)
	at com.google.cloud.datastore.emulator.impl.firestore.CloudFirestoreV1.internalCommit(CloudFirestoreV1.java:1336)
	at com.google.cloud.datastore.emulator.impl.firestore.CloudFirestoreV1.write(CloudFirestoreV1.java:1321)
	at com.google.cloud.datastore.emulator.impl.firestore.CloudFirestoreV1WriteStream.handleRequest(CloudFirestoreV1WriteStream.java:222)
	at com.google.cloud.datastore.emulator.impl.firestore.CloudFirestoreV1WriteStream.write(CloudFirestoreV1WriteStream.java:144)
	at com.google.cloud.datastore.emulator.impl.firestore.CloudFirestoreV1WriteStream.onNext(CloudFirestoreV1WriteStream.java:99)
	at com.google.cloud.datastore.emulator.impl.firestore.CloudFirestoreV1WriteStream.onNext(CloudFirestoreV1WriteStream.java:27)
	at io.grpc.stub.ServerCalls$StreamingServerCallHandler$StreamingServerCallListener.onMessage(ServerCalls.java:262)
	at io.grpc.ForwardingServerCallListener.onMessage(ForwardingServerCallListener.java:33)
	at io.grpc.Contexts$ContextualizedServerCallListener.onMessage(Contexts.java:76)
	at io.grpc.ForwardingServerCallListener.onMessage(ForwardingServerCallListener.java:33)
	at io.grpc.Contexts$ContextualizedServerCallListener.onMessage(Contexts.java:76)
	at io.grpc.internal.ServerCallImpl$ServerStreamListenerImpl.messagesAvailableInternal(ServerCallImpl.java:334)
	at io.grpc.internal.ServerCallImpl$ServerStreamListenerImpl.messagesAvailable(ServerCallImpl.java:319)
	at io.grpc.internal.ServerImpl$JumpToApplicationThreadServerStreamListener$1MessagesAvailable.runInContext(ServerImpl.java:852)
	at io.grpc.internal.ContextRunnable.run(ContextRunnable.java:37)
	at io.grpc.internal.SerializingExecutor.run(SerializingExecutor.java:133)
	at java.base/java.util.concurrent.ThreadPoolExecutor.runWorker(ThreadPoolExecutor.java:1144)
	at java.base/java.util.concurrent.ThreadPoolExecutor$Worker.run(ThreadPoolExecutor.java:642)
	at java.base/java.lang.Thread.run(Thread.java:1583)

 {"metadata":{"emulator":{"name":"firestore"},"message":"Oct 07, 2026 8:02:55 PM com.google.cloud.datastore.emulator.impl.util.WrappedStreamObserver onError\nWARNING: Operation failed: \nfalse for 'create' @ L111, evaluation error at L133:24 for 'update' @ L133, false for 'create' @ L111\ncom.google.cloud.datastore.core.exception.DatastoreException: \nfalse for 'create' @ L111, evaluation error at L133:24 for 'update' @ L133, false for 'create' @ L111\n\tat com.google.cloud.datastore.core.exception.DatastoreException$Builder.build(DatastoreException.java:152)\n\tat com.google.cloud.datastore.emulator.impl.rules.DefaultEmulatorRulesAuthorizer.verboseError(DefaultEmulatorRulesAuthorizer.java:349)\n\tat com.google.cloud.datastore.emulator.impl.rules.DefaultEmulatorRulesAuthorizer.withVerboseErrors(DefaultEmulatorRulesAuthorizer.java:326)\n\tat com.google.cloud.datastore.emulator.impl.rules.DefaultEmulatorRulesAuthorizer.checkCommit(DefaultEmulatorRulesAuthorizer.java:113)\n\tat com.google.cloud.datastore.emulator.impl.firestore.FirestoreEmulatorHelper.commitHelper(FirestoreEmulatorHelper.java:407)\n\tat com.google.cloud.datastore.emulator.impl.firestore.FirestoreEmulatorHelper.internalCommit(FirestoreEmulatorHelper.java:348)\n\tat com.google.cloud.datastore.emulator.impl.firestore.CloudFirestoreV1.internalCommit(CloudFirestoreV1.java:1336)\n\tat com.google.cloud.datastore.emulator.impl.firestore.CloudFirestoreV1.write(CloudFirestoreV1.java:1321)\n\tat com.google.cloud.datastore.emulator.impl.firestore.CloudFirestoreV1WriteStream.handleRequest(CloudFirestoreV1WriteStream.java:222)\n\tat com.google.cloud.datastore.emulator.impl.firestore.CloudFirestoreV1WriteStream.write(CloudFirestoreV1WriteStream.java:144)\n\tat com.google.cloud.datastore.emulator.impl.firestore.CloudFirestoreV1WriteStream.onNext(CloudFirestoreV1WriteStream.java:99)\n\tat com.google.cloud.datastore.emulator.impl.firestore.CloudFirestoreV1WriteStream.onNext(CloudFirestoreV1WriteStream.java:27)\n\tat io.grpc.stub.ServerCalls$StreamingServerCallHandler$StreamingServerCallListener.onMessage(ServerCalls.java:262)\n\tat io.grpc.ForwardingServerCallListener.onMessage(ForwardingServerCallListener.java:33)\n\tat io.grpc.Contexts$ContextualizedServerCallListener.onMessage(Contexts.java:76)\n\tat io.grpc.ForwardingServerCallListener.onMessage(ForwardingServerCallListener.java:33)\n\tat io.grpc.Contexts$ContextualizedServerCallListener.onMessage(Contexts.java:76)\n\tat io.grpc.internal.ServerCallImpl$ServerStreamListenerImpl.messagesAvailableInternal(ServerCallImpl.java:334)\n\tat io.grpc.internal.ServerCallImpl$ServerStreamListenerImpl.messagesAvailable(ServerCallImpl.java:319)\n\tat io.grpc.internal.ServerImpl$JumpToApplicationThreadServerStreamListener$1MessagesAvailable.runInContext(ServerImpl.java:852)\n\tat io.grpc.internal.ContextRunnable.run(ContextRunnable.java:37)\n\tat io.grpc.internal.SerializingExecutor.run(SerializingExecutor.java:133)\n\tat java.base/java.util.concurrent.ThreadPoolExecutor.runWorker(ThreadPoolExecutor.java:1144)\n\tat java.base/java.util.concurrent.ThreadPoolExecutor$Worker.run(ThreadPoolExecutor.java:642)\n\tat java.base/java.lang.Thread.run(Thread.java:1583)\n\n"}}
[debug] [2026-10-07T20:02:55.456Z] Oct 07, 2026 8:02:55 PM com.google.cloud.datastore.emulator.impl.util.WrappedStreamObserver onError
WARNING: Operation failed: 
evaluation error at L133:24 for 'update' @ L133, false for 'update' @ L133
com.google.cloud.datastore.core.exception.DatastoreException: 
evaluation error at L133:24 for 'update' @ L133, false for 'update' @ L133
	at com.google.cloud.datastore.core.exception.DatastoreException$Builder.build(DatastoreException.java:152)
	at com.google.cloud.datastore.emulator.impl.rules.DefaultEmulatorRulesAuthorizer.verboseError(DefaultEmulatorRulesAuthorizer.java:349)
	at com.google.cloud.datastore.emulator.impl.rules.DefaultEmulatorRulesAuthorizer.withVerboseErrors(DefaultEmulatorRulesAuthorizer.java:326)
	at com.google.cloud.datastore.emulator.impl.rules.DefaultEmulatorRulesAuthorizer.checkCommit(DefaultEmulatorRulesAuthorizer.java:113)
	at com.google.cloud.datastore.emulator.impl.firestore.FirestoreEmulatorHelper.commitHelper(FirestoreEmulatorHelper.java:407)
	at com.google.cloud.datastore.emulator.impl.firestore.FirestoreEmulatorHelper.internalCommit(FirestoreEmulatorHelper.java:348)
	at com.google.cloud.datastore.emulator.impl.firestore.CloudFirestoreV1.internalCommit(CloudFirestoreV1.java:1336)
	at com.google.cloud.datastore.emulator.impl.firestore.CloudFirestoreV1.write(CloudFirestoreV1.java:1321)
	at com.google.cloud.datastore.emulator.impl.firestore.CloudFirestoreV1WriteStream.handleRequest(CloudFirestoreV1WriteStream.java:222)
	at com.google.cloud.datastore.emulator.impl.firestore.CloudFirestoreV1WriteStream.write(CloudFirestoreV1WriteStream.java:144)
	at com.google.cloud.datastore.emulator.impl.firestore.CloudFirestoreV1WriteStream.onNext(CloudFirestoreV1WriteStream.java:99)
	at com.google.cloud.datastore.emulator.impl.firestore.CloudFirestoreV1WriteStream.onNext(CloudFirestoreV1WriteStream.java:27)
	at io.grpc.stub.ServerCalls$StreamingServerCallHandler$StreamingServerCallListener.onMessage(ServerCalls.java:262)
	at io.grpc.ForwardingServerCallListener.onMessage(ForwardingServerCallListener.java:33)
	at io.grpc.Contexts$ContextualizedServerCallListener.onMessage(Contexts.java:76)
	at io.grpc.ForwardingServerCallListener.onMessage(ForwardingServerCallListener.java:33)
	at io.grpc.Contexts$ContextualizedServerCallListener.onMessage(Contexts.java:76)
	at io.grpc.internal.ServerCallImpl$ServerStreamListenerImpl.messagesAvailableInternal(ServerCallImpl.java:334)
	at io.grpc.internal.ServerCallImpl$ServerStreamListenerImpl.messagesAvailable(ServerCallImpl.java:319)
	at io.grpc.internal.ServerImpl$JumpToApplicationThreadServerStreamListener$1MessagesAvailable.runInContext(ServerImpl.java:852)
	at io.grpc.internal.ContextRunnable.run(ContextRunnable.java:37)
	at io.grpc.internal.SerializingExecutor.run(SerializingExecutor.java:133)
	at java.base/java.util.concurrent.ThreadPoolExecutor.runWorker(ThreadPoolExecutor.java:1144)
	at java.base/java.util.concurrent.ThreadPoolExecutor$Worker.run(ThreadPoolExecutor.java:642)
	at java.base/java.lang.Thread.run(Thread.java:1583)

 {"metadata":{"emulator":{"name":"firestore"},"message":"Oct 07, 2026 8:02:55 PM com.google.cloud.datastore.emulator.impl.util.WrappedStreamObserver onError\nWARNING: Operation failed: \nevaluation error at L133:24 for 'update' @ L133, false for 'update' @ L133\ncom.google.cloud.datastore.core.exception.DatastoreException: \nevaluation error at L133:24 for 'update' @ L133, false for 'update' @ L133\n\tat com.google.cloud.datastore.core.exception.DatastoreException$Builder.build(DatastoreException.java:152)\n\tat com.google.cloud.datastore.emulator.impl.rules.DefaultEmulatorRulesAuthorizer.verboseError(DefaultEmulatorRulesAuthorizer.java:349)\n\tat com.google.cloud.datastore.emulator.impl.rules.DefaultEmulatorRulesAuthorizer.withVerboseErrors(DefaultEmulatorRulesAuthorizer.java:326)\n\tat com.google.cloud.datastore.emulator.impl.rules.DefaultEmulatorRulesAuthorizer.checkCommit(DefaultEmulatorRulesAuthorizer.java:113)\n\tat com.google.cloud.datastore.emulator.impl.firestore.FirestoreEmulatorHelper.commitHelper(FirestoreEmulatorHelper.java:407)\n\tat com.google.cloud.datastore.emulator.impl.firestore.FirestoreEmulatorHelper.internalCommit(FirestoreEmulatorHelper.java:348)\n\tat com.google.cloud.datastore.emulator.impl.firestore.CloudFirestoreV1.internalCommit(CloudFirestoreV1.java:1336)\n\tat com.google.cloud.datastore.emulator.impl.firestore.CloudFirestoreV1.write(CloudFirestoreV1.java:1321)\n\tat com.google.cloud.datastore.emulator.impl.firestore.CloudFirestoreV1WriteStream.handleRequest(CloudFirestoreV1WriteStream.java:222)\n\tat com.google.cloud.datastore.emulator.impl.firestore.CloudFirestoreV1WriteStream.write(CloudFirestoreV1WriteStream.java:144)\n\tat com.google.cloud.datastore.emulator.impl.firestore.CloudFirestoreV1WriteStream.onNext(CloudFirestoreV1WriteStream.java:99)\n\tat com.google.cloud.datastore.emulator.impl.firestore.CloudFirestoreV1WriteStream.onNext(CloudFirestoreV1WriteStream.java:27)\n\tat io.grpc.stub.ServerCalls$StreamingServerCallHandler$StreamingServerCallListener.onMessage(ServerCalls.java:262)\n\tat io.grpc.ForwardingServerCallListener.onMessage(ForwardingServerCallListener.java:33)\n\tat io.grpc.Contexts$ContextualizedServerCallListener.onMessage(Contexts.java:76)\n\tat io.grpc.ForwardingServerCallListener.onMessage(ForwardingServerCallListener.java:33)\n\tat io.grpc.Contexts$ContextualizedServerCallListener.onMessage(Contexts.java:76)\n\tat io.grpc.internal.ServerCallImpl$ServerStreamListenerImpl.messagesAvailableInternal(ServerCallImpl.java:334)\n\tat io.grpc.internal.ServerCallImpl$ServerStreamListenerImpl.messagesAvailable(ServerCallImpl.java:319)\n\tat io.grpc.internal.ServerImpl$JumpToApplicationThreadServerStreamListener$1MessagesAvailable.runInContext(ServerImpl.java:852)\n\tat io.grpc.internal.ContextRunnable.run(ContextRunnable.java:37)\n\tat io.grpc.internal.SerializingExecutor.run(SerializingExecutor.java:133)\n\tat java.base/java.util.concurrent.ThreadPoolExecutor.runWorker(ThreadPoolExecutor.java:1144)\n\tat java.base/java.util.concurrent.ThreadPoolExecutor$Worker.run(ThreadPoolExecutor.java:642)\n\tat java.base/java.lang.Thread.run(Thread.java:1583)\n\n"}}
[debug] [2026-10-07T20:02:55.479Z] Oct 07, 2026 8:02:55 PM com.google.cloud.datastore.emulator.impl.util.WrappedStreamObserver onError
WARNING: Operation failed: 
evaluation error at L256:24 for 'create' @ L256, evaluation error at L262:24 for 'update' @ L262, false for 'create' @ L256
com.google.cloud.datastore.core.exception.DatastoreException: 
evaluation error at L256:24 for 'create' @ L256, evaluation error at L262:24 for 'update' @ L262, false for 'create' @ L256
	at com.google.cloud.datastore.core.exception.DatastoreException$Builder.build(DatastoreException.java:152)
	at com.google.cloud.datastore.emulator.impl.rules.DefaultEmulatorRulesAuthorizer.verboseError(DefaultEmulatorRulesAuthorizer.java:349)
	at com.google.cloud.datastore.emulator.impl.rules.DefaultEmulatorRulesAuthorizer.withVerboseErrors(DefaultEmulatorRulesAuthorizer.java:326)
	at com.google.cloud.datastore.emulator.impl.rules.DefaultEmulatorRulesAuthorizer.checkCommit(DefaultEmulatorRulesAuthorizer.java:113)
	at com.google.cloud.datastore.emulator.impl.firestore.FirestoreEmulatorHelper.commitHelper(FirestoreEmulatorHelper.java:407)
	at com.google.cloud.datastore.emulator.impl.firestore.FirestoreEmulatorHelper.internalCommit(FirestoreEmulatorHelper.java:348)
	at com.google.cloud.datastore.emulator.impl.firestore.CloudFirestoreV1.internalCommit(CloudFirestoreV1.java:1336)
	at com.google.cloud.datastore.emulator.impl.firestore.CloudFirestoreV1.write(CloudFirestoreV1.java:1321)
	at com.google.cloud.datastore.emulator.impl.firestore.CloudFirestoreV1WriteStream.handleRequest(CloudFirestoreV1WriteStream.java:222)
	at com.google.cloud.datastore.emulator.impl.firestore.CloudFirestoreV1WriteStream.write(CloudFirestoreV1WriteStream.java:144)
	at com.google.cloud.datastore.emulator.impl.firestore.CloudFirestoreV1WriteStream.onNext(CloudFirestoreV1WriteStream.java:99)
	at com.google.cloud.datastore.emulator.impl.firestore.CloudFirestoreV1WriteStream.onNext(CloudFirestoreV1WriteStream.java:27)
	at io.grpc.stub.ServerCalls$StreamingServerCallHandler$StreamingServerCallListener.onMessage(ServerCalls.java:262)
	at io.grpc.ForwardingServerCallListener.onMessage(ForwardingServerCallListener.java:33)
	at io.grpc.Contexts$ContextualizedServerCallListener.onMessage(Contexts.java:76)
	at io.grpc.ForwardingServerCallListener.onMessage(ForwardingServerCallListener.java:33)
	at io.grpc.Contexts$ContextualizedServerCallListener.onMessage(Contexts.java:76)
	at io.grpc.internal.ServerCallImpl$ServerStreamListenerImpl.messagesAvailableInternal(ServerCallImpl.java:334)
	at io.grpc.internal.ServerCallImpl$ServerStreamListenerImpl.messagesAvailable(ServerCallImpl.java:319)
	at io.grpc.internal.ServerImpl$JumpToApplicationThreadServerStreamListener$1MessagesAvailable.runInContext(ServerImpl.java:852)
	at io.grpc.internal.ContextRunnable.run(ContextRunnable.java:37)
	at io.grpc.internal.SerializingExecutor.run(SerializingExecutor.java:133)
	at java.base/java.util.concurrent.ThreadPoolExecutor.runWorker(ThreadPoolExecutor.java:1144)
	at java.base/java.util.concurrent.ThreadPoolExecutor$Worker.run(ThreadPoolExecutor.java:642)
	at java.base/java.lang.Thread.run(Thread.java:1583)

 {"metadata":{"emulator":{"name":"firestore"},"message":"Oct 07, 2026 8:02:55 PM com.google.cloud.datastore.emulator.impl.util.WrappedStreamObserver onError\nWARNING: Operation failed: \nevaluation error at L256:24 for 'create' @ L256, evaluation error at L262:24 for 'update' @ L262, false for 'create' @ L256\ncom.google.cloud.datastore.core.exception.DatastoreException: \nevaluation error at L256:24 for 'create' @ L256, evaluation error at L262:24 for 'update' @ L262, false for 'create' @ L256\n\tat com.google.cloud.datastore.core.exception.DatastoreException$Builder.build(DatastoreException.java:152)\n\tat com.google.cloud.datastore.emulator.impl.rules.DefaultEmulatorRulesAuthorizer.verboseError(DefaultEmulatorRulesAuthorizer.java:349)\n\tat com.google.cloud.datastore.emulator.impl.rules.DefaultEmulatorRulesAuthorizer.withVerboseErrors(DefaultEmulatorRulesAuthorizer.java:326)\n\tat com.google.cloud.datastore.emulator.impl.rules.DefaultEmulatorRulesAuthorizer.checkCommit(DefaultEmulatorRulesAuthorizer.java:113)\n\tat com.google.cloud.datastore.emulator.impl.firestore.FirestoreEmulatorHelper.commitHelper(FirestoreEmulatorHelper.java:407)\n\tat com.google.cloud.datastore.emulator.impl.firestore.FirestoreEmulatorHelper.internalCommit(FirestoreEmulatorHelper.java:348)\n\tat com.google.cloud.datastore.emulator.impl.firestore.CloudFirestoreV1.internalCommit(CloudFirestoreV1.java:1336)\n\tat com.google.cloud.datastore.emulator.impl.firestore.CloudFirestoreV1.write(CloudFirestoreV1.java:1321)\n\tat com.google.cloud.datastore.emulator.impl.firestore.CloudFirestoreV1WriteStream.handleRequest(CloudFirestoreV1WriteStream.java:222)\n\tat com.google.cloud.datastore.emulator.impl.firestore.CloudFirestoreV1WriteStream.write(CloudFirestoreV1WriteStream.java:144)\n\tat com.google.cloud.datastore.emulator.impl.firestore.CloudFirestoreV1WriteStream.onNext(CloudFirestoreV1WriteStream.java:99)\n\tat com.google.cloud.datastore.emulator.impl.firestore.CloudFirestoreV1WriteStream.onNext(CloudFirestoreV1WriteStream.java:27)\n\tat io.grpc.stub.ServerCalls$StreamingServerCallHandler$StreamingServerCallListener.onMessage(ServerCalls.java:262)\n\tat io.grpc.ForwardingServerCallListener.onMessage(ForwardingServerCallListener.java:33)\n\tat io.grpc.Contexts$ContextualizedServerCallListener.onMessage(Contexts.java:76)\n\tat io.grpc.ForwardingServerCallListener.onMessage(ForwardingServerCallListener.java:33)\n\tat io.grpc.Contexts$ContextualizedServerCallListener.onMessage(Contexts.java:76)\n\tat io.grpc.internal.ServerCallImpl$ServerStreamListenerImpl.messagesAvailableInternal(ServerCallImpl.java:334)\n\tat io.grpc.internal.ServerCallImpl$ServerStreamListenerImpl.messagesAvailable(ServerCallImpl.java:319)\n\tat io.grpc.internal.ServerImpl$JumpToApplicationThreadServerStreamListener$1MessagesAvailable.runInContext(ServerImpl.java:852)\n\tat io.grpc.internal.ContextRunnable.run(ContextRunnable.java:37)\n\tat io.grpc.internal.SerializingExecutor.run(SerializingExecutor.java:133)\n\tat java.base/java.util.concurrent.ThreadPoolExecutor.runWorker(ThreadPoolExecutor.java:1144)\n\tat java.base/java.util.concurrent.ThreadPoolExecutor$Worker.run(ThreadPoolExecutor.java:642)\n\tat java.base/java.lang.Thread.run(Thread.java:1583)\n\n"}}
